:020000040800F2
:1008000000500020F1960008519700085197000809
:100810005197000851970008519700080000000008
:1008200000000000000000000000000051970008D8
:10083000519700080000000051970008DB71000884
:1008400051970008519700085197000851970008E8
:100850005197000851970008CD720008D372000824
:10086000D9720008DF720008E5720008519700088D
:1008700051970008519700085197000851970008B8
:100880005197000851970008519700088D9400086F
:10089000819400085197000851970008EB720008F6
:1008A00051970008FD620008519700081163000885
:1008B00015630008296300083D6300080D2800083F
:1008C0001928000825280008312800085197000839
:1008D00051970008497E0008617E00087D7E00086F
:1008E000137300085197000891940008000000005D
:1008F00000000000000000000000000000000000F8
:0C09000000000000000000005FF808F19B
:10091000034613F8012B002AFBD1181A013870473F
:1009200081F0004102E000BF83F0004330B54FEAA0
:1009300041044FEA430594EA050F08BF90EA020F0D
:100940001FBF54EA000C55EA020C7FEA645C7FEAA0
:10095000655C00F0E2804FEA5454D4EB5555B8BFC3
:100960006D420CDD2C4480EA020281EA030382EA34
:10097000000083EA010180EA020281EA0303362DC6
:1009800088BF30BD11F0004F4FEA01314FF4801C99
:100990004CEA113102D0404261EB410113F0004FAB
:1009A0004FEA03334CEA133302D0524263EB430362
:1009B00094EA050F00F0A780A4F10104D5F1200E00
:1009C0000DDB02FA0EFC22FA05F2801841F100015B
:1009D00003FA0EF2801843FA05F359410EE0A5F12F
:1009E00020050EF1200E012A03FA0EFC28BF4CF060
:1009F000020C43FA05F3C01851EBE37101F0004516
:100A000007D54FF0000EDCF1000C7EEB00006EEB22
:100A10000101B1F5801F1BD3B1F5001F0CD34908AC
:100A20005FEA30004FEA3C0C04F101044FEA445203
:100A300012F5800F80F09A80BCF1004F08BF5FEA8A
:100A4000500C50F1000041EB045141EA050130BD6A
:100A50005FEA4C0C404141EB0101013C28BFB1F57C
:100A6000801FE9D291F0000F04BF01460020B1FAC7
:100A700081F308BF2033A3F10B03B3F120020CDA9A
:100A80000C3208DD02F1140CC2F10C0201FA0CF078
:100A900021FA02F10CE002F11402D8BFC2F1200CDD
:100AA00001FA02F120FA0CFCDCBF41EA0C01904093
:100AB000E41AA2BF01EB0451294330BD6FEA0404DC
:100AC0001F3C1CDA0C340EDC04F11404C4F12002C7
:100AD00020FA04F001FA02F340EA030021FA04F3D9
:100AE00045EA030130BDC4F10C04C4F1200220FA30
:100AF00002F001FA04F340EA0300294630BD21FA6E
:100B000004F0294630BD94F0000F83F4801306BF33
:100B100081F480110134013D4EE77FEA645C18BF27
:100B20007FEA655C29D094EA050F08BF90EA020FBE
:100B300005D054EA000C04BF1946104630BD91EAB6
:100B4000030F1EBF0021002030BD5FEA545C05D1B9
:100B50004000494128BF41F0004130BD14F58004F8
:100B60003CBF01F5801130BD01F0004545F0FE416C
:100B700041F470014FF0000030BD7FEA645C1ABFA1
:100B8000194610467FEA655C1CBF0B46024650EAD8
:100B9000013406BF52EA033591EA030F41F4002104
:100BA00030BD00BF90F0000F04BF0021704730B58A
:100BB0004FF4806404F132044FF000054FF000015F
:100BC00050E700BF90F0000F04BF0021704730B520
:100BD0004FF4806404F1320410F0004548BF4042F5
:100BE0004FF000013EE700BF42004FEAE2014FEA4A
:100BF00031014FEA02701FBF12F07F4393F07F4F25
:100C000081F06051704732F07F4208BF704793F027
:100C10007F4F04BF41F40021704730B54FF460743A
:100C200001F0004521F000411CE700BF50EA01023D
:100C300008BF704730B54FF000050AE050EA0102E6
:100C400008BF704730B511F0004502D5404261EB56
:100C500041014FF4806404F132045FEA915C3FF497
:100C6000D8AE4FF003025FEADC0C18BF03325FEA34
:100C7000DC0C18BF033202EBDC02C2F1200300FAE5
:100C800003FC20FA02F001FA03FE40EA0E0021FA0A
:100C900002F11444BDE600BF70B54FF0FF0C4CF4F8
:100CA000E06C1CEA11541DBF1CEA135594EA0C0FAA
:100CB00095EA0C0F00F0DEF82C4481EA030621EAE5
:100CC0004C5123EA4C5350EA013518BF52EA033520
:100CD00041F4801143F4801338D0A0FB02CE4FF0D2
:100CE0000005E1FB02E506F00042E0FB03E54FF002
:100CF0000006E1FB03569CF0000F18BF4EF0010EFA
:100D0000A4F1FF04B6F5007F64F5407404D25FEAF5
:100D10004E0E6D4146EB060642EAC62141EA5551A8
:100D20004FEAC52040EA5E504FEACE2EB4F1FD0CEA
:100D300088BFBCF5E06F1ED8BEF1004F08BF5FEA68
:100D4000500E50F1000041EB045170BD06F000461A
:100D500046EA010140EA020081EA0301B4EB5C04C7
:100D6000C2BFD4EB0C0541EA045170BD41F48011BF
:100D70004FF0000E013C00F3AB8014F1360FDEBFE4
:100D8000002001F0004170BDC4F10004203C35DAC0
:100D90000C341BDC04F11404C4F1200500FA05F343
:100DA00020FA04F001FA05F240EA020001F00042E4
:100DB00021F0004110EBD37021FA04F642EB06015A
:100DC0005EEA430E08BF20EAD37070BDC4F10C0484
:100DD000C4F1200500FA04F320FA05F001FA04F248
:100DE00040EA020001F0004110EBD37041F1000134
:100DF0005EEA430E08BF20EAD37070BDC4F120053F
:100E000000FA05F24EEA020E20FA04F301FA05F2A6
:100E100043EA020321FA04F001F0004121FA04F24E
:100E200020EA020000EBD3705EEA430E08BF20EA1E
:100E3000D37070BD94F0000F0FD101F00046400058
:100E400041EB010111F4801F08BF013CF7D041EADA
:100E5000060195F0000F18BF704703F000465200DE
:100E600043EB030313F4801F08BF013DF7D043EAAF
:100E70000603704794EA0C0F0CEA135518BF95EA65
:100E80000C0F0CD050EA410618BF52EA4306D1D1EC
:100E900081EA030101F000414FF0000070BD50EA0B
:100EA000410606BF1046194652EA430619D094EA95
:100EB0000C0F02D150EA013613D195EA0C0F05D17F
:100EC00052EA03361CBF104619460AD181EA0301D3
:100ED00001F0004141F0FE4141F470014FF000008B
:100EE00070BD41F0FE4141F4780170BD70B54FF026
:100EF000FF0C4CF4E06C1CEA11541DBF1CEA1355A6
:100F000094EA0C0F95EA0C0F00F0A7F8A4EB050487
:100F100081EA030E52EA03354FEA013100F088807E
:100F20004FEA03334FF0805545EA131343EA126347
:100F30004FEA022245EA111545EA10654FEA0026FC
:100F40000EF000419D4208BF964244F1FD0404F5B5
:100F5000407402D25B084FEA3202B61A65EB030511
:100F60005B084FEA32024FF480104FF4002CB6EBCE
:100F7000020E75EB030E22BFB61A754640EA0C004E
:100F80005B084FEA3202B6EB020E75EB030E22BF8E
:100F9000B61A754640EA5C005B084FEA3202B6EBCF
:100FA000020E75EB030E22BFB61A754640EA9C008E
:100FB0005B084FEA3202B6EB020E75EB030E22BF5E
:100FC000B61A754640EADC0055EA060E18D04FEA1C
:100FD000051545EA16754FEA06164FEAC30343EABC
:100FE00052734FEAC2025FEA1C1CC0D111F4801F89
:100FF0000BD141EA00014FF000004FF0004CB6E782
:1010000011F4801F04BF01430020B4F1FD0C88BF20
:10101000BCF5E06F3FF6AFAEB5EB030C04BFB6EB2B
:10102000020C5FEA500C50F1000041EB045170BD1E
:101030000EF0004E4EEA113114EB5C04C2BFD4EB4B
:101040000C0541EA045170BD41F480114FF0000ECF
:10105000013C90E645EA060E8DE60CEA135594EA4B
:101060000C0F08BF95EA0C0F3FF43BAF94EA0C0F4E
:101070000AD150EA01347FF434AF95EA0C0F7FF4C3
:1010800025AF104619462CE795EA0C0F06D152EA17
:1010900003353FF4FDAE1046194622E750EA4106FB
:1010A00018BF52EA43067FF4C5AE50EA41047FF40C
:1010B0000DAF52EA43057FF4EBAE12E74FF0FF3C71
:1010C00006E000BF4FF0010C02E000BF4FF0010C42
:1010D0004DF804CD4FEA410C7FEA6C5C4FEA430CBB
:1010E00018BF7FEA6C5C1BD001B050EA410C0CBF0A
:1010F00052EA430C91EA030F02BF90EA020F00206C
:10110000704710F1000F91EA030F58BF994208BFD2
:1011100090422CBFD8176FEAE37040F0010070478F
:101120004FEA410C7FEA6C5C02D150EA013C07D1E6
:101130004FEA430C7FEA6C5CD6D152EA033CD3D031
:101140005DF8040B704700BF8446104662468C462B
:101150001946634600E000BF01B5FFF7B7FF00285E
:1011600048BF10F1000F01BD4DF808EDFFF7F4FF87
:101170000CBF012000205DF808FB00BF4DF808ED12
:10118000FFF7EAFF34BF012000205DF808FB00BF35
:101190004DF808EDFFF7E0FF94BF012000205DF857
:1011A00008FB00BF4DF808EDFFF7CEFF94BF01200C
:1011B00000205DF808FB00BF4DF808EDFFF7C4FF05
:1011C00034BF012000205DF808FB00BF4FEA410258
:1011D00012F5001215D211D56FF47873B3EB625289
:1011E00012D94FEAC12343F0004343EA505311F0B0
:1011F000004F23FA02F018BF404270474FF0000042
:10120000704750EA013005D111F0004008BF6FF07F
:10121000004070474FF00000704700BF4A0011D2F5
:1012200012F5001211D20DD56FF47873B3EB625240
:101230000ED44FEAC12343F0004343EA505323FA4C
:1012400002F070474FF00000704750EA013002D1C1
:101250004FF0FF3070474FF0000070474FEA4102F7
:10126000B2F1E04324BFB3F5001CDCF1FE5C0DD904
:1012700001F0004C4FEAC0024CEA5070B2F1004F4E
:1012800040EB830008BF20F00100704711F0804F51
:1012900021D113F13872BCBF01F00040704741F416
:1012A00080114FEA5252C2F11802C2F1200C10FA1A
:1012B0000CF320FA02F018BF40F001004FEAC123FE
:1012C0004FEAD32303FA0CFC40EA0C0023FA02F3A2
:1012D0004FEA4303CCE77FEA625307D150EA013378
:1012E0001EBF4FF0FE4040F44000704701F0004048
:1012F00040F0FE4040F40000704700BF80F0004026
:1013000002E000BF81F0004142001FBF5FEA4103DD
:1013100092EA030F7FEA226C7FEA236C6AD04FEADD
:101320001262D2EB1363C1BFD21841404840414022
:10133000B8BF5B42192B88BF704710F0004F40F4D4
:10134000000020F07F4018BF404211F0004F41F4F0
:10135000000121F07F4118BF494292EA030F3FD0BC
:10136000A2F1010241FA03FC10EB0C00C3F12003CF
:1013700001FA03F100F0004302D5494260EB40005E
:10138000B0F5000F13D3B0F1807F06D340084FEAC9
:10139000310102F10102FE2A51D2B1F1004F40EBBE
:1013A000C25008BF20F0010040EA03007047490026
:1013B00040EB0000013A28BFB0F5000FEDD2B0FAC3
:1013C00080FCACF1080CB2EB0C0200FA0CF0AABFE6
:1013D00000EBC25052421843BCBFD0401843704784
:1013E00092F0000F81F4000106BF80F4000001328A
:1013F000013BB5E74FEA41037FEA226C18BF7FEA61
:10140000236C21D092EA030F04D092F0000F08BFA2
:101410000846704790EA010F1CBF0020704712F089
:101420007F4F04D1400028BF40F00040704712F1C8
:1014300000723CBF00F50000704700F0004343F02D
:10144000FE4040F4000070477FEA226216BF084663
:101450007FEA23630146420206BF5FEA412390EA26
:10146000010F40F4800070474FF0000304E000BF1C
:1014700010F0004348BF40425FEA000C08BF7047CD
:1014800043F0964301464FF000001CE050EA010291
:1014900008BF70474FF000030AE000BF50EA0102A6
:1014A00008BF704711F0004302D5404261EB410193
:1014B0005FEA010C02BF84460146002043F0B643B8
:1014C00008BFA3F18053A3F50003BCFA8CF2083ADD
:1014D000A3EBC25310DB01FA02FC634400FA02FCE6
:1014E000C2F12002BCF1004F20FA02F243EB0200ED
:1014F00008BF20F00100704702F1200201FA02FC4F
:10150000C2F1200250EA4C0021FA02F243EB020041
:1015100008BF20EADC7070474FF0FF0C1CEAD05285
:101520001EBF1CEAD15392EA0C0F93EA0C0F6FD046
:101530001A4480EA010C400218BF5FEA41211ED024
:101540004FF0006343EA501043EA5111A0FB013110
:101550000CF00040B1F5000F3EBF490041EAD371E5
:101560005B0040EA010062F17F02FD2A1DD8B3F161
:10157000004F40EBC25008BF20F00100704790F0D0
:10158000000F0CF0004C08BF49024CEA502040EA22
:1015900051207F3AC2BFD2F1FF0340EAC2507047E8
:1015A00040F400004FF00003013A5DDC12F1190F26
:1015B000DCBF00F000407047C2F10002410021FA98
:1015C00002F1C2F1200200FA02FC5FEA310040F1B0
:1015D000000053EA4C0308BF20EADC70704792F029
:1015E000000F00F0004C02BF400010F4000F013A61
:1015F000F9D040EA0C0093F0000F01F0004C02BF5C
:10160000490011F4000F013BF9D041EA0C018FE7CA
:101610000CEAD15392EA0C0F18BF93EA0C0F0AD0D0
:1016200030F0004C18BF31F0004CD8D180EA0100F6
:1016300000F00040704790F0000F17BF90F0004F8F
:10164000084691F0000F91F0004F14D092EA0C0F71
:1016500001D142020FD193EA0C0F03D14B0218BF04
:10166000084608D180EA010000F0004040F0FE404A
:1016700040F40000704740F0FE4040F440007047E6
:101680004FF0FF0C1CEAD0521EBF1CEAD15392EA65
:101690000C0F93EA0C0F69D0A2EB030280EA010C55
:1016A00049024FEA402037D04FF0805343EA1111EE
:1016B00043EA10130CF000408B4238BF5B0042F14C
:1016C0007D024FF4000C8B4224BF5B1A40EA0C00F1
:1016D000B3EB510F24BFA3EB510340EA5C00B3EB23
:1016E000910F24BFA3EB910340EA9C00B3EBD10F11
:1016F00024BFA3EBD10340EADC001B0118BF5FEA63
:101700001C1CE0D1FD2A3FF650AF8B4240EBC2508B
:1017100008BF20F0010070470CF0004C4CEA50204C
:101720007F32C2BFD2F1FF0340EAC250704740F49B
:1017300000004FF00003013A37E792F0000F00F08D
:10174000004C02BF400010F4000F013AF9D040EA0B
:101750000C0093F0000F01F0004C02BF490011F49F
:10176000000F013BF9D041EA0C0195E70CEAD15397
:1017700092EA0C0F08D142027FF47DAF93EA0C0F7E
:101780007FF470AF084676E793EA0C0F04D14B0262
:101790003FF44CAF08466EE730F0004C18BF31F014
:1017A000004CCAD130F000427FF45CAF31F000430E
:1017B0007FF43CAF5FE700BF4FEA4002B2F1FE4F5B
:1017C0000FD34FF09E03B3EB12620DD94FEA002303
:1017D00043F0004310F0004F23FA02F018BF4042DC
:1017E00070474FF00000704712F1610F01D14202C3
:1017F00005D110F0004008BF6FF0004070474FF077
:101800000000704742000ED2B2F1FE4F0BD34FF0F2
:101810009E03B3EB126209D44FEA002343F0004366
:1018200023FA02F070474FF00000704712F1610F89
:1018300001D1420202D14FF0FF3070474FF000005B
:10184000704700BF10B5054C237833B9044B13B172
:101850000448AFF300800123237010BD1002002064
:101860000000000094AF000808B5034B1BB103490A
:101870000348AFF3008008BD000000001402002000
:1018800094AF000870B505460C4651B10846FFF705
:101890003FF82B68024621462846BDE870405B6849
:1018A000184770BDF8B505460C4C78222146201D1E
:1018B00008F058FF002625600025094F54F8041B46
:1018C00057F8040BFFF728FE01462846FFF71CFDDA
:1018D00001361F2E0546F1D1F8BD00BFB003002030
:1018E0009CB10008012208B5104B11491A70114B28
:1018F0000F481A68C1F884205B68C1F8883000215D
:1019000000F07CFD0C4801F073F80B4800F0BCFFC0
:10191000094801F00FF800220748114601F03EF88F
:10192000BDE808400549044808F05BB93C020020C6
:101930002C040020DCB70008A0030020BCAF000886
:10194000F8B5184B07461868174B1E68B04227D0E9
:10195000801BFFF78DFD01461448FFF791FE0546F9
:10196000134B1860134BB81B1C68FFF781FD294609
:10197000FFF7D2FD054604EBD4704010FFF778FD69
:1019800001462846FFF7C0FCFFF716FF90FBF4F076
:101990006043FFF76DFDFFF70FFF074B1860F8BDC1
:1019A0000020FAE7340200203802002000007A44C8
:1019B00030020020000000202C02002038B5C42096
:1019C00008F04EFD04460028F9D118250121C52054
:1019D00008F00CFDC42008F043FD6400002104431E
:1019E000C52008F003FD013DF0D10121C52008F01C
:1019F000FDFC2946C52008F0F9FC230248BF44F04D
:101A00007F44204638BD000013B500240223102275
:101A100027210094054800F013FF22460449054899
:101A200002B0BDE8104007F0D9BF00BFA0030020FE
:101A300000440040880200201FB501681048FFF7ED
:101A400021FF0F480F49FFF71DFF142008F048FD44
:101A50000B4807F0BDFE10B905B05DF804FB01A806
:101A6000074908F063F90849084808F0BAF801A9DD
:101A7000064808F0CFF801A808F06CF9E8E700BFC5
:101A800088020020CAAF0008CDAF00087806002009
:101A90001FB53C4901A808F09FF901A8FFF7CCFF4A
:101AA00001A808F057F9642008F01AFD364901A88A
:101AB00008F092F901A8FFF7BFFF01A808F04AF962
:101AC000642008F00DFD314901A808F085F901A84E
:101AD000FFF7B2FF01A808F03DF9642008F000FD0F
:101AE0002B4901A808F078F901A8FFF7A5FF01A884
:101AF00008F030F9642008F0F3FC264901A808F04A
:101B00006BF901A8FFF798FF01A808F023F96420FA
:101B100008F0E6FC204901A808F05EF901A8FFF7EB
:101B20008BFF01A808F016F9642008F0D9FC1B49C6
:101B300001A808F051F901A8FFF77EFF01A808F0FD
:101B400009F9642008F0CCFC154901A808F044F913
:101B500001A8FFF771FF01A808F0FCF8642008F065
:101B6000BFFC104901A808F037F901A8FFF764FF8E
:101B700001A808F0EFF8C82005B05DF804EB08F004
:101B8000AFBC00BFD8AF0008E7AF0008FCAF00084B
:101B900006B0000815B0000823B0000830B00008F7
:101BA0003DB000084AB0000830B549BA91B043BA18
:101BB000ADF80A1010462249ADF80830FFF7ACFC2A
:101BC000FFF720FE40BAADF80C001E4904A808F04B
:101BD00003F9002402AD15F8012B1B4901A808F0F8
:101BE0009FFD013401A904A808F099F9062CF2D14F
:101BF00016490AA808F0F0F80A22214607A808F0BA
:101C000039F907A90AA808F0A6F9114908F0AFF9AF
:101C100004A908F0A0F901460DA808F0FEF80DA8E7
:101C2000FFF70AFF0DA808F095F807A808F092F84A
:101C30000AA808F08FF804A808F08CF811B030BD9D
:101C400000007A44CCAF000853B0000858B0000838
:101C500063B00008000000002DE9F04192B0FFF7EA
:101C6000ADFE5D4E5D4C3060FFF702FCFFF71AFEE3
:101C7000FFF7A2FD40112060C12008F043FBFFF7F1
:101C8000F3FBFEF7B1FF50A3D3E90023FFF72EF9D2
:101C90004FA3D3E90023FEF7FFFF02460B46FEF7F2
:101CA00045FEFFF7DBFA4E4D4E4B28602068DFF80B
:101CB00038811860FFF744FE4C4903A808F08CF8FF
:101CC0000A223168684608F0E7F8694603A808F078
:101CD00042F9474908F04BF906460A22216806A84E
:101CE00008F0DAF8304606A908F035F9414908F05D
:101CF0003EF906460A22D8F8001009A808F0A8F80C
:101D0000304609A908F027F93B4908F030F90646A2
:101D10003A4F0A2239680CA808F09AF830460CA904
:101D200008F019F9364908F022F906460222296816
:101D30000FA808F0C3F830460FA908F00CF90146C7
:101D4000304807F067FF0FA808F004F80CA808F067
:101D500001F809A807F0FEFF06A807F0FBFF684698
:101D600007F0F8FF03A807F0F5FF08F0B7FB264ED1
:101D70003368C01A254BB0F5C87F186014DD1120F8
:101D8000D8F8001008F032FB214B2A681888B4F903
:101D90000010FFF709FF1F491A4807F045FF00230D
:101DA0003B6008F09BFB3060002008F059FB38B125
:101DB000194B1B7823B912B0BDE8F041FFF792BD73
:101DC00012B0BDE8F08100BF0000000000FEAF408F
:101DD0006666666666660A40540200205C02002061
:101DE00044020020580200204802002065B000088C
:101DF00071B000087EB000088AB0000840020020E0
:101E00009AB00008780600204C0200205002002002
:101E100004000020A4B000083C02002010B54FF4DC
:101E2000E131474806F00AF906224FF416514548B9
:101E300007F046FE4449424807F0F6FE41F288307A
:101E400008F04EFB0121112008F072FA0121102048
:101E500008F06EFA01210F2008F06AFA01210D2026
:101E600008F066FA01210E2008F062FA0221084605
:101E700008F05EFA0221C82008F05AFA0221C720B1
:101E800008F056FA0221C62008F052FA2F4B3049CA
:101E90001A682F48C1F884205B68C1F88830002197
:101EA00000F0ACFA00210E2008F0A0FAC82008F0DB
:101EB00017FB0021112008F099FA0121102008F0E9
:101EC00095FA01210F2008F091FA00210D2008F069
:101ED0008DFA4FF47A7008F003FB0D20012108F011
:101EE00085FA642008F0FCFA164807F071FC0446F5
:101EF000E0B940F6B83008F0F3FA2146C42008F003
:101F000017FA0121C52008F013FA2146C52008F070
:101F10006DFA4FF4FA6008F0E3FAFFF7B9FD2146D5
:101F2000BDE8104028220B4808F035BC054807F0F2
:101F30000BFE0A220146024807F0B7FED4E700BFB5
:101F40007806002088020020B3B00008DCB7000843
:101F50002C0400206002002000207047028BC08A01
:101F6000101A70470346C28A018B914281BF0169F2
:101F7000885C0132DA8298BF4FF0FF307047028BE5
:101F8000C38A9A4286BF0269D05C4FF0FF30704727
:101F9000806DD0F8DC302BB10023D43020F8B23C77
:101FA000C36818477047836810B5044613B103220D
:101FB00001469847204610BD70B54FF47A730E461F
:101FC0000021C0E90113034615462B4A044643F895
:101FD000C42BC0F8C4109C22C3E90111C0E934111C
:101FE000C0E93611C0F8E010283008F0D4FBF3B295
:101FF000222B19D8214A06F4E06652F823301E43FA
:10200000EBB2222BC4F8846022D81C4A05F4E065A8
:1020100052F823301D4300232046C4F88850E36162
:1020200023842361A38270BD06F0C002C02A0CD1B4
:10203000C92B0AD8124B06F03F0253F822200F4B4F
:1020400006F4E06653F82230D9E74FF0FF36D7E7C1
:1020500005F0C002C02A0CD1C92B0AD8084B05F0E4
:102060003F0253F82220054B05F4E06553F8223077
:10207000D0E74FF0FF35CEE720B20008DCB700080C
:10208000B4B7000838B50446283000F083FAE06998
:1020900018B108F059FA0023E3610025206925846E
:1020A00010B108F051FA2561A58238BD38B5054652
:1020B0000446074B45F8D43BFFF7E4FF2846FFF7FB
:1020C00072FF04F1C400FFF76EFF204638BD00BF69
:1020D00020B200080123994080F824300023817643
:1020E0004384704738B5838A05468B420C4609D233
:1020F000202938BF20240069214608F0DBFA10B1FE
:102100002861AC8238BDFEE773B5846D0546D4F80E
:10211000CC30866EE3B1E28A238B9A4218D33146E3
:102120002046FFF7DFFF3246206905F1740108F011
:1021300087FB0023E382D4F8CC30268301960BB9C9
:1021400008F024FFD4F8D03001A904F1C400984766
:1021500002B070BDB1F5806F70B505460C4610D861
:10216000038C99420AD920290E4638BF2026C0691F
:10217000314608F09FFA18B1E8612E84204670BD00
:10218000FEE70024FAE713B590F8243004468DF8F2
:1021900007107BB1418C0131FFF7DCFF40B101201A
:1021A000638C9DF80710E269D154638C013363841A
:1021B00002B010BD01220DF10701283000F028FA0D
:1021C000B0FA80F04009F3E770B590F82430044687
:1021D0000E46154693B1418C1144FFF7BBFF10B971
:1021E0000025284670BD638CE0692A4618443146B4
:1021F00008F026FB638C2B446384F2E792B228300C
:1022000000F006FA0028EBD1EBE70346006918B1AD
:1022100000219A8A08F0BFBA70470346C06918B116
:1022200000211A8C08F0B7BA704738B50446D1B906
:102230004FF42A03A36594F8BE30012B16D1638CAA
:10224000E269A17E04F1280000F01BFA042828BFEF
:102250000420C5B22046FFF7E0FF0023638484F822
:102260002430284638BD4FF02A43E3E70425F8E739
:102270000121FFF7DABF38B500250446C582058382
:10228000FFF7C3FF20466584FFF7C7FF38BD000096
:10229000F8B50446D0F8840007F0AEFF002108F03E
:1022A00047F8D4F88420C2F30313042B48D8284DF0
:1022B000284E55F8233002F00F029B6856F8222072
:1022C000DB4303EA12239BB2002B3FD0D4F88800F3
:1022D00007F092FF012108F02BF81F4BD4F888007B
:1022E0001B681E4CC0F30311B3FBF4F30A2404294A
:1022F00004FB03F300F00F0225D8142756F8222020
:10230000174CC2F30F2255F821C0CCF81420D4F892
:1023100004E06668A6EB0E06B342FADCCCF81020A7
:10232000D4F804C06668A6EB0C06B342FADC013FA1
:10233000E9D107F061FF3946BDE8F84007F0F8BF82
:1023400000239B68FFDE00235B61FBE7F8BD00BF55
:102350001000002080B200083000002040420F0032
:10236000001000E02DE9F04100260446C6820683F5
:102370001F460D469046FFF748FF20466684A67626
:10238000FFF74BFFD4F8DC30C4F8804033B104F1E0
:10239000D401032208469847C4E93766002384F82D
:1023A00024306B0084F825306B1E5D425D41204671
:1023B00084F8BE5084F8BF8084F8C07004F128050A
:1023C000FFF766FF284694F82520094900F02AF80F
:1023D00094F8BE304BB92846064900F0AAF92846C1
:1023E000BDE8F041044900F09DB9BDE8F08100BFAF
:1023F000A0860100911F0008092100080A46002359
:102400000121FFF7AFBF0000032202210148FFF7BF
:10241000D3BD00BF2C0400200148FFF747BE00BF1A
:102420002C040020F7B50D4617460446002800F09E
:102430009F805049C06D05F003FA4F490646206E53
:1024400005F0FEF90146002E00F09280002800F011
:102450008F80304605F01BFA2060002800F088804D
:10246000464B261D984260D103F5DE33DA6942F40B
:102470000012DA61DA6902F400120092009A1A6915
:1024800042F400121A611A6922F400121A6142F22F
:102490001F03A4F864303A4B1E603749206E05F0E4
:1024A000B7F93449E06D05F0B3F9364B21689D4228
:1024B00058D9354B9D4203D9344B9D4288BF0023E8
:1024C0004FF480420025C4E901134FF48043C4E96E
:1024D000053594F8973002215B1B18BF01239B013F
:1024E000236294F89830C4E903275B1B18BF0123CB
:1024F000DB0163622A4694F96400E56184F8415087
:1025000000F09CFE94F9640000F0C8FE2A46022107
:1025100094F9650000F092FE94F9650000F0BEFEAB
:10252000304600F0D9FFF8B1FEE7194B9842B4D11C
:1025300003F5DC33DA6942F48002DA61DA6902F425
:1025400080020192019A1A6942F480021A611A69A2
:1025500022F480021A6142F22123A4F86430084B6D
:102560005E609AE70022ADE70223A06684F895300A
:1025700003B0F0BD88B6000858B60008005400400B
:1025800010050020A0860100801A060040420F00BE
:102590000058004010B5044690F9640000F08CFE2D
:1025A00094F9650000F088FE201D01F03EF803213B
:1025B000206E05F06DF80321E06D05F069F82368E1
:1025C000104A93420DD1104B1A6942F400121A615D
:1025D0001A6922F400121A61DA6922F40012DA612F
:1025E00010BD0A4A9342FBD1074B1A6942F480029C
:1025F0001A611A6922F480021A61DA6922F48002EF
:10260000EDE700BF005400400010024000580040B9
:10261000202A30B514D800239CB2A24207D890F8E3
:1026200094301344DBB280F89430002030BD90F831
:102630009440CD5C1C44044484F874500133EBE7AF
:102640000120F3E710B564230446043001F006F8D6
:10265000022810D0032806D090B194F84130202BE6
:1026600018BF042004E094F84130202B18BF052047
:1026700008BF022004E094F84130202B18BF062048
:1026800010BD2DE9F34704460E4691461F4600F063
:1026900069FA80463FB901223146204602B0BDE8C2
:1026A000F047FFF7CFBF0025D4F830A004343B46F5
:1026B0004A4631462046CDF800A001F07BF80228BA
:1026C00007D100F04FFAA0EB0805642DEFD90620E2
:1026D0001FE008BB00F046FA0646204601F0C2FFA4
:1026E000202809D0632D07D800F03CFA851B20462E
:1026F00001F0BBFF0028F0D0204601F0B6FF632DAB
:102700000CD882060AD443070AD4003818BF012027
:10271000800002B0BDE8F0870420FAE70520F8E762
:102720000320F6E720B119B1C166043001F020B9E9
:10273000704720B119B10167043001F019B9704731
:1027400070B590F891300446012B0D46A0F10406B7
:1027500009D1436E3BB1836E30469847022384F81B
:102760009130002363668DB9E36E84F891501BB1FC
:10277000304684F890509847204694F8902004F111
:1027800070012023BDE8704001F07CB800230122D5
:10279000636684F89120616E2046743131440423CD
:1027A000BDE8704001F0A9B810B590F8913004462A
:1027B000012B04D1436E13B1836E04389847022372
:1027C00084F89130002320466366BDE8104001F094
:1027D000CFB8436E1F2BDEBF436E0133436690F8C4
:1027E0009130012BDAB205D1416E042370310144DE
:1027F00001F083B87047002380F89030704790F85C
:1028000092300BB901F0B4B870470000014B186862
:1028100001F02EBA10050020014B186801F082BEAD
:1028200010050020014B586801F022BA1005002065
:10283000014B586801F076BE10050020704700007B
:1028400030B5002543739DF80C3045608373082331
:10285000024D017205600273C37330BD4CB20008B3
:1028600038B504460D46017A0648FFF733FCE17B94
:1028700004482943FFF787FCBDE838400148FFF7CB
:10288000F7BC00BF2C04002008230021C373FFF70E
:10289000E7BF0000F8B5114F0C4641F004010646B1
:1028A000FFF7DEFF3B680E4A0E4DB3FBF2F269689C
:1028B0006B685B1A9A42FBDC304604F0FB01FFF7C1
:1028C000CFFF074A3B686968B3FBF2F332225343F8
:1028D00004484268521A9342FBDCF8BD30000020E5
:1028E00040420F00001000E038B504460D46FFF7E7
:1028F000B7FF29462046BDE83840FFF7CBBF70B58B
:102900000D461446064621F00F011143FFF7ECFF78
:1029100044EA05113046BDE87040C9B2FFF7E4BF94
:1029200008B50122FFF7EBFF012008BD0022FFF7E9
:10293000E6BF0000012108B5FFF7F8FF074B084A82
:102940001B680849B3FBF2F34FF4FA62534348683B
:102950004A68121A9342FBDC08BD00BF3000002019
:1029600040420F00001000E0022108B5FFF7DEFF33
:10297000074B084A1B680849B3FBF2F34FF4FA62AD
:10298000534348684A68121A9342FBDC08BD00BFF3
:102990003000002040420F00001000E07FB50646E6
:1029A00015460C460C4B0DF1100C0FCB0CE90F002B
:1029B000737B3046AB423CBF03F1FF33DDB204AB67
:1029C00003EB850555F8101C214461F07F01C9B265
:1029D000FFF7ACFF04B070BDACAF000808B5817A5A
:1029E00041F00402827241F00C01FFF79FFF08BD25
:1029F00070B5044600213548FFF700FD627B012ACF
:102A000094BF00230123DB006372A37B1BB1012A67
:102A100004BF04236372322007F062FDE17B20468D
:102A2000FFF71EFF2A4D4FF47A7007F059FD302151
:102A30002046FFF759FF274A2B68274EB3FBF2F3D6
:102A400041F29412534371687268521A9342FBDC4C
:102A500030212046FFF748FF1E4A2B687168B3FB00
:102A6000F2F341F2941253431B4E7268521A93428E
:102A7000FBDC30212046FFF737FF164A2B687168D0
:102A8000B3FBF2F39622534313484268521A93421F
:102A9000FBDC20462021FFF727FF617A204641F02A
:102AA0002001FFF743FF04232046A372FFF796FFA0
:102AB0002046FFF73FFF02232046E3720621FFF77F
:102AC00035FF2046BDE87040FFF74EBF2C040020C4
:102AD0003000002040420F00001000E0704700006E
:102AE00038B50E4B05461A784FF47A73B3FBF2F300
:102AF0000B4A1068B0FBF3F000F0F0FB044658B945
:102B00000F2D09D8024629464FF0FF3000F096FB02
:102B10002046044B1D6038BD0120FCE70800002062
:102B2000300000200C000020074A08B5136803207D
:102B300043F01003136000F06FFB0020FFF7D0FF9D
:102B4000FFF7CCFF002008BD00200240034A044BE1
:102B500011681B780B441360704700BF18050020F4
:102B600008000020014B1868704700BF18050020BE
:102B7000F7B5002604460D460196FFF7F3FF2368DC
:102B800007469A68D10508D50120A36A84F8246015
:102B900043F02003A36203B0F0BD5A68D20503D40A
:102BA000DB6A13F4700F3DD03D4B02201E6802F02B
:102BB000D7FE23683B4A1969B6FBF0F611423A4A40
:102BC00051D1D868394908424DD1196911425BD1B8
:102BD000DA68374B1A420CBF142329235E43019B4A
:102BE000B34223D26A1C04D0002D53D1019BB342BF
:102BF0000AD3019B01330193F1E76E1C13D065B931
:102C000023681B6898070DD4A36A032043F00403CC
:102C1000A362002384F82430BDE7FFF7A3FFC01BA5
:102C2000A842EDD8226813689907E6D56FF0120321
:102C300022681360A36A43F40073A362936803F4E9
:102C40006023B3F5602F0CD1237B53B9A36A23F41F
:102C50008073A362A36ADB0403D4A36A43F0010375
:102C6000A362002097E71969114203D1D968104A7D
:102C700011420BD019690F4A114209D1DB68134286
:102C80000CBF5423FC23A9E72923A7E75423A5E776
:102C9000FC23A3E7FFF766FFC01BA842A6D8A8E75E
:102CA00030000020244992249224491224499200A1
:102CB00092244900499224000368D86C70470000B0
:102CC000002373B5019390F824300446012B6CD097
:102CD000012380F824304D680268062D086805EB52
:102CE000850322D81F26556B053B9E4025EA060525
:102CF00000FA03F32B43536309288B6800EB40056C
:102D00004FF0070129D9D6681E3DA94026EA0101E6
:102D1000AB400B43D360A0F11003012B25D9002059
:102D2000002384F8243002B070BD0C2D4FF01F0535
:102D300009D8166B233B9D4026EA050500FA03F3EC
:102D40002B431363D8E7D66A413B9D4026EA05052D
:102D500000FA03F32B43D362CEE71069A94020EABF
:102D60000101AB400B431361D9E7114B9A4216D1D5
:102D700093681B02D3D49368102843F40003936034
:102D8000CDD10C4B0C4A1B68B3FBF2F30A22534320
:102D90000193019B002BC2D0019B013BF8E7A36A82
:102DA000012043F02003A362BAE70220BBE700BF83
:102DB000002401403000002040420F00806A70472C
:102DC000002337B50193036804469A68D20702D5F9
:102DD000002003B030BD9A6842F001029A60144BA3
:102DE000144A1B68B3FBF2F30193019BE3B9FFF7AD
:102DF000B9FE054623689B68DB07E9D4FFF7B2FEFE
:102E0000401B0228F6D923689B6813F00103F1D117
:102E1000A26A012042F01002A262E26A84F8243021
:102E200042F00102E262D4E7019B013BDCE700BF14
:102E30003000002040420F0010B590F824300446C6
:102E4000012B54D0012380F82430FFF7B9FF00286C
:102E500049D1A36A274A23F4407323F0010343F4C2
:102E60008073A3622368934204D123494A6812F411
:102E7000702F2ED1A26A22F48012A2625A685205E3
:102E800041BFA26A22F4405242F48052A262A26A76
:102E900012F480521CBFE26A22F00602E2620022B3
:102EA00084F824206FF002021A609A6802F460220B
:102EB000B2F5602F13D10F4A934205D1A2F580627B
:102EC000526812F4702F0AD19A6842F4A0029A60F4
:102ED00010BDA26A42F48012A2624A68CFE79A68E3
:102EE00042F48012F3E7002384F82430F0E7022054
:102EF000EEE700BF002801400024014038B5036818
:102F000004469A68D10701D4002038BD9A6822F09F
:102F100001029A60FFF726FE054623689B68DB07DF
:102F2000F2D5FFF71FFE401B0228F6D923689B68E5
:102F3000DA07F2D5A36A012043F01003A362E36A23
:102F400043F00103E362E0E7F8B5044600286DD0E2
:102F5000836A23B9C36280F8243003F0F7FF204668
:102F6000FFF7CCFFA36A13F0100361D100285FD1F3
:102F7000A26A616822F4885222F0020242F0020240
:102F8000E569A668A262227B2943B6F5807F41EA03
:102F9000420136D0771E7D427D412D02277D012FD3
:102FA00006D182BBA269013A45EA423242F4006589
:102FB0002268B6F5807F576827F4694745EA070518
:102FC000556097681D4D05EA070545EA01059560BE
:102FD00001D0012E02D12369013B1B05D56A25F4DE
:102FE00070052B43D3629268154B1340994213D15D
:102FF0000023E362A36A23F0030343F00103A36207
:10300000F8BD3546CAE7A26A42F02002A262E26A2F
:1030100042F00102E262CBE7A36A23F0120343F01D
:103020001003A362E36A43F00103E3620120E7E7D0
:10303000A36A43F01003A362F8E700BFFDF7E1FFC6
:10304000FE0E1FFF38B50446002850D0836A43F0B7
:1030500002038362FFF752FF0546002842D16FF05A
:103060001F02236820461A605968224A0A405A60A3
:103070009968214A0A409A60DA6802F07F42DA6071
:103080001A6902F040421A6159691C4A114059619B
:10309000996911409961D9691140D961196A114042
:1030A0001962596A11405962996A0A409A62DA6A49
:1030B000134902F07F42DA62DA6A02F07F42DA6292
:1030C0001A6B02F040421A635A6B02F040425A6394
:1030D0009A6B0A409A639A6B0A409A6303F068FFFE
:1030E000E562A562002384F82430284638BD012516
:1030F000FBE700BF00003FFFF00601FF00F0FFFF0D
:103100000000C0FF10B590F824300446012B11D008
:10311000012380F82430FFF7F1FE38B9A36A23F4C5
:10312000885323F0010343F00103A362002384F8D2
:10313000243010BD0220FCE7002373B5019390F802
:1031400024300446012B62D0012380F82430FFF79D
:10315000D5FE2046FFF734FE054600282FD1A36A8E
:10316000022023F4885323F0020343F00203A362F6
:10317000284B1E6802F0F4FBB6FBF0F676000196D1
:10318000019B03BB2268936843F008039360FFF739
:10319000E9FC064623689A68110718D49A6842F039
:1031A00004029A60FFF7DEFC064623689B685B0713
:1031B00023D4A36A23F0030343F00103A362002393
:1031C00084F8243016E0019B013B0193D8E7FFF718
:1031D000C9FC801B0A28DDD923689B681807D9D54C
:1031E000A36A012523F0120343F01003A362002316
:1031F00084F82430284602B070BDFFF7B3FC801B72
:103200000A28D2D923689B685A07CED5E8E7022559
:10321000F0E700BF3000002007490302CA6803F44A
:10322000E06322F4E0621204120C134343F0BF6324
:1032300043F40033CB60704700ED00E0154B30B530
:10324000DC68C4F30224C4F10703251D042B28BF46
:103250000423062D4FF0FF3594BF0024033C05FAEC
:1032600003F321EA0303A54022EA0502A340002854
:1032700043EA0203ACBF00F16040074A4FEA031380
:10328000DBB2ABBF00F5614000F00F0080F8003307
:10329000135430BD00ED00E014ED00E0002807DB22
:1032A00001234109034A00F01F00834042F8213006
:1032B000704700BF00E100E000280CDB0122064956
:1032C000430900F01F008240203341F82320BFF360
:1032D0004F8FBFF36F8F704700E100E00138B0F10E
:1032E000807F0BD24FF0E023F021054A586182F82D
:1032F00023100020072298611A617047012070474F
:1033000000ED00E0002808DB01224309034900F03A
:103310001F008240603341F82320704700E100E045
:10332000704708B5FFF7FCFF08BD704710B50446AD
:1033300050B1437903F0FF0213B90271FFF7F5FFB3
:1033400001230020637110BD0120FCE790F82120CB
:103350000346022A06D0042282630120002283F859
:10336000202070470268C06B116821F00E011160C7
:10337000116821F00101116001211A6C01FA02F2B9
:103380004260002083F82110E8E7000008B590F8BB
:103390002130022B03D004238363012008BD03687E
:1033A0001A6822F00E021A601A6822F001021A60EE
:1033B000174A93421FD0143293421ED014329342C4
:1033C0001DD0143293421DD0143293421DD01432BA
:1033D000934214BF4FF080734FF480130D4A536033
:1033E000012380F82130002380F82030436B03B1A3
:1033F00098470020D2E70123F0E71023EEE74FF4CF
:103400008073EBE74FF48053E8E74FF48033E5E750
:10341000080002400000024090F8210070470000C0
:10342000044A08B55169014202D0506103F038FFE7
:1034300008BD00BF000401402DE9F84606460F46CE
:1034400091461D464FEA114A3368BAF1010F39D14E
:103450005C6927EA0404A4B2B4FA84F46409A145BF
:1034600001D0002024E06A1CEFD0FFF77BFB089B13
:10347000C01AA84201D8002DE6D1BAF1010F336875
:1034800018D15B6927EA03039BB2B3FA83F35B09A4
:103490009945D9D1002320220120336386F83D20AD
:1034A00086F83E30326C86F83C3042F020023264BE
:1034B000BDE8F8869B69DB43C3F3400383F0010357
:1034C000DBB2E5E79C69E443C4F3400484F0010403
:1034D000E4B2C4E77047000070B5044608B90120A3
:1034E00070BD90F83D3003F0FF021BB980F83C201E
:1034F000FFF7F0FF242384F83D3023681A6822F098
:1035000001021A601A6842F400421A601A6822F432
:1035100000421A6002F08AF93F4B65689D4294BFF1
:103520003E4B3F4B98428CBF00230123002BD6D14A
:10353000394E3C4BB542B0FBF3F388BF4FF496765F
:103540002268516821F03F0141EA030182BF7343C1
:103550004FF47A76B3FBF6F35160116A013321F030
:103560003F010B431362D169431E2B4821F44F41A5
:10357000854221F0FF0132D86D00B3FBF5F340F630
:10358000FC700133034242D0C3F30B031943D161F2
:103590001168D4E9073021F0C00103430B431360E5
:1035A0009168D4E9030321F40341034321F0FF01AF
:1035B0000B439360D168D4E9053021F0FF01034348
:1035C0000B43D3601368002043F0010313602023F2
:1035D000206484F83D30206384F83E0080E7A068D2
:1035E00050B905EB4505B3FBF5F30133C3F30B030A
:1035F0007BB143F40043C9E719206843B3FBF0F300
:103600000133C3F30B0323B143F44043BEE7042368
:10361000BCE70123BAE700BFA08601007F841E003B
:10362000FF083D0040420F00704710B5044698B1B6
:103630002423026880F83D30136823F001031360EF
:10364000FFF7F2FF0020206484F83C0084F83D007E
:10365000206384F83E0010BD0120FCE72DE9FF4700
:1036600004461F4689469246FFF77CFA94F83D309F
:103670000546202B03D0022004B0BDE8F08700905F
:103680001923012220464949FFF7D6FE0028F2D12E
:1036900094F83C30012BEED0012384F83C302368B1
:1036A00000261A6809F0FE09D2075EBF1A6842F0C8
:1036B00001021A601A6822F400621A60242384F856
:1036C0003D303B4B2664E36222684FF001111368E2
:1036D000204643F4807313603B4600220095FFF7B9
:1036E000ABFE236838B11B680320DB0544BF4FF4F1
:1036F00000732364C0E7C3F81090FFF733FA4FF06C
:10370000A0080546226853695269C3F34003C2F317
:10371000802294F83D10A02901D013431DD04FF012
:103720002008206884F83D80436913F0020F036885
:1037300043F40073036025D00023039343690122FF
:103740000393836919490393039B2046192300952A
:10375000FFF772FE88B101208EE7FFF703FA401BE6
:10376000B84200D80FB984F83D8022685369526985
:10377000C3F34003C2F38022CBE784F83D8084F892
:103780003C0079E76FF48063012243610749192304
:1037900020460095FFF750FE0028DCD10136564543
:1037A00092D384F83D8084F83C00D4E702001000F6
:1037B0000000FFFFF7B5002504460095019594F839
:1037C0003D500898202D02D0022003B0F0BD25689E
:1037D0002E68B60503D4082801D001281BD146F273
:1037E000A817274E3668B6FBF7F619277E430196D1
:1037F000019E013E0196019E56B92023266384F85E
:103800003D3084F83E60236C43F020032364DBE703
:10381000AE69B707ECD494F83C60012ED4D02E6882
:10382000F6075EBF2E6846F001062E602E6826F46D
:1038300000662E60212684F83D60102684F83E60E4
:10384000002626646385638DE06261642385236BB3
:1038500062620093009B112B05D1B0F52A0F02D0B4
:10386000B0F12A4F03D12B6843F480732B60002002
:1038700084F83C006B6843F4E0636B60A5E700BF2D
:103880003000002037B5044690F83D0000F02800D5
:10389000282830D100292CD0002A2AD094F83C00C6
:1038A000012828D025682868C0075EBF286840F036
:1038B00001002860286820F400602860292084F82E
:1038C0003D00202084F83E00002020646285628D47
:1038D000E36201906B6961620193AB6984F83C001B
:1038E0000193019B6B68228543F4E0636B6003B036
:1038F00030BD0120FBE70220F9E737B5044690F818
:103900003D0000F02800282830D100292CD0002AC2
:103910002AD094F83C00012828D025682868C007E0
:103920005EBF286840F001002860286820F400602D
:1039300028602A2084F83D00202084F83E000020E2
:1039400020646285628DE36201906B69616201931C
:10395000AB6984F83C000193019B6B68228543F4BA
:10396000E0636B6003B030BD0120FBE70220F9E7A4
:1039700090F83D30202B14D1282380F83D30036887
:1039800000201A68D2075EBF1A6842F001021A606E
:103990001A6842F480621A605A6842F440725A60AF
:1039A00070470220704770477047704790F83D207D
:1039B00008B5036DD2B283B9C36C0268012B836C66
:1039C00005D1DBB21361036D0233036508BDC3F398
:1039D00007231361036D0133F7E7036D012B03D157
:1039E000836C0268DBB2F4E7036D022B2FD1222A2D
:1039F00005D10268136843F480731360EAE7438DCE
:103A00009BB263B1212A0AD1436A026813F8011BF1
:103A100011614362438D013B9BB24385D6E7438DE1
:103A20009BB2002BD2D1212AD0D10268516821F457
:103A3000E0615160116841F400711160202203635C
:103A400080F83D2080F83E30FFF7AFFFBEE7036807
:103A50005A69120644BF00221A61B7E770477047DF
:103A6000002337B546F2A81101932C4B406A1B681E
:103A700090F83D20B3FBF1F323214B4301930368FE
:103A8000D2B2019941BB016C41F020010164446B49
:103A90000CB10021A162816B09B100258D621D6806
:103AA00025F480651D600025458504B1656301B17D
:103AB0004D63196821F00101196090F83D106029EB
:103AC00011D1202380F83D30002380F83E3003647C
:103AD000FFF7C5FF03B030BD0199013901911968A5
:103AE0008905CED4D3E702F02802282A0ED119681E
:103AF00041F001011960196841F4806119600023E7
:103B0000036380F83D20FEF77AFEE3E7202380F888
:103B10003D30002380F83E30F5E700BF3000002044
:103B200010B590F83D2090F83E300446102BD9B2E5
:103B3000D2B2036801D0402913D1222A11D11968C9
:103B400021F400611960596811F4006106D1602AFE
:103B50001EBF202284F83D2084F83E1000222263FC
:103B600007E002F028012829EDD10022226384F821
:103B70003D105A6812F400624FD05A68606B22F40C
:103B800000625A6090F82130012B374B2BD04363F1
:103B9000FFF7FCFB50B12268606B136823F0010350
:103BA0001360202384F83D30436B9847236C19073A
:103BB0001FBF2268536823F4E063536094F83D30DC
:103BC000226CDBB252070DD5282B0BD1274B2022BC
:103BD000E36200232046236384F83D2084F83E30CE
:103BE000FEF7E2FD10BDA06B4363FFF7CFFB00289B
:103BF000DCD023685A69510605D51A69636A1A70C0
:103C0000636A013363622268A06B136823F00103C7
:103C10001360202384F83D30C6E794F83D106029F6
:103C200015D1202184F83D1022645A69520605D529
:103C30001A69636A1A70636A0133636222682046F4
:103C4000136823F001031360FFF709FFAEE75A6919
:103C5000500605D51A69636A1A70636A0133636294
:103C60002046FEF7CCFDA1E7613A00080000FFFF07
:103C7000F0B5044603688FB05A68C66A90F83E00F3
:103C800094F83D101028C5B2C9B202D0402D40F0C2
:103C9000E5829F69586910F0010F07D1B6F52A0F28
:103CA00002D0B6F12A4F51D10FB0F0BD96054DD5D7
:103CB000E26AB2F52A0F0CD10122E26294F83E20AA
:103CC000402A11D1226D52B9626C02F0FE021A61D3
:103CD000EAE7E26AB2F12A4FF0D10822EDE7626C1E
:103CE00042F00102D2B2F2E72269B2F5804F1AD156
:103CF00094F83D20212A626C11D102F0FE021A6173
:103D0000626B0AB1926A2AB9A26B002ACCD0926A7D
:103D1000002AC9D05A6842F400625A60C4E742F0EF
:103D20000102D2B2EBE7226D32B9626CD21102F01D
:103D3000060242F0F002CAE7226D012AB4D1626C99
:103D4000D21102F0060242F0F102C0E7060703D5E5
:103D5000960501D5626CE4E7860740F1F080960590
:103D600040F1ED8094F83E10E26A256B94F83D0036
:103D7000C9B2222840F0DB80206D40B9402906D12D
:103D800000905A6900929B690093009B8CE7216D1B
:103D900089B92069B0F5404F0DD101915A6901925E
:103DA0009A690192019A1A6842F480721A60236D2E
:103DB0000133236578E7618D89B251B902915A695F
:103DC00002929A690292029A1A6842F400721A6088
:103DD00019E0618D89B2012949D112F5803F1BD1CB
:103DE0001A6822F480621A605A6812F400620CD0D9
:103DF0001A6822F480621A60002203925A690392C0
:103E00009B690393039B0023D3E704925A690492AE
:103E10009A690492049AD7E7082A1CD0202A1AD05B
:103E2000122D0DD1012A16D11A6822F480621A606F
:103E3000002205925A6905929B690593059BE2E76A
:103E4000102AF1D8864941FA02F2D707ECD41A6851
:103E500042F48062EBE71A6822F480621A60002262
:103E600006925A6906929A690692069AACE7618DA3
:103E700089B2022938D1102A03D87A49D140CE0715
:103E800018D4196841F4006119600021079159693B
:103E90000791996907910799196821F48061196060
:103EA00059680D05AFD5202A1BD8072A0ED8012A3C
:103EB000A9D111E0196841F48061196000210891CD
:103EC00059690891996908910899E9E7A2F10801EF
:103ED000654ACA40D00796D55A6842F480525A6063
:103EE00091E712F5803FE3E7196841F480611960BA
:103EF0005968090510D5202A16D8072A06D8012A9C
:103F00000AD15A6842F480525A6005E0A2F10801D1
:103F1000554ACA40D207F4D4002209925A6909923C
:103F20009B690993099B6EE712F5803FE8E7002241
:103F30000A925A690A929B690A930A9BB4E67F0720
:103F400040F194805E6836053FF5AEAE070600F09E
:103F500004063ED550053CD5002E3DD194F83D20B9
:103F6000258D94F83E10D2B2E06AC9B2C5B9212AB3
:103F700018D1082858D0202856D010F5803F53D0AB
:103F80005A6822F4E0625A6011232363002384F804
:103F90003E302023204684F83D30FFF704FD83E6C1
:103FA000212A05D040297FF47FAE222A7FF47CAEFF
:103FB000628D92B21AB95A6822F48062ADE694F822
:103FC0003E20402A16D120460FB0BDE8F040FFF752
:103FD000EDBC002E3FF468AE97057FF565AE212954
:103FE00039D1E16A94F83D20212A7FF45DAE628DDB
:103FF00092B24AB1626A12F8011B19616262638D62
:10400000013B9BB263854FE608290DD020290BD0D8
:1040100011F5803F08D0596821F4E06159601123FF
:10402000236384F83E20B4E75A68204622F4E06215
:104030005A601A6842F400721A6000232022236337
:1040400084F83D2094F83E2084F83E30402AA4D1E4
:10405000FFF7ABFC28E6402D7FF426AEB3E700BFA8
:10406000EBFFFEFF140001000101000159680E057D
:104070003FF51AAE450600F0040140F18680500578
:1040800040F18380002940F0838094F83D20222A6B
:104090007FF40AAEE06A628D92B2032A14D91A69DB
:1040A000636A1A70636A01336362638D013B9BB27A
:1040B0006385638D9BB2032B7FF4F6AD2268536852
:1040C00023F480635360EFE5E56A022D3FF473AF9C
:1040D000012A3FF670AF0B9146F2A811794A126897
:1040E000B2FBF1F202EB82020B920B9A013A0B92B5
:1040F0000B99D1B9226C204642F0200222645A6802
:1041000022F4E0625A601A69636A1A70636A0133C2
:104110006362638D013B9BB26385202384F83D304D
:1041200084F83E10FEF76BFBBEE51A6812F40072CD
:10413000DBD1196821F480611960596821F4E061CC
:1041400059601969636A1970636A01336362638D28
:10415000013B9BB26385202384F83D3094F83E30C8
:1041600084F83E20402B04D122632046FFF776FCE2
:104170009AE5082801D0202801D1002300E012236D
:1041800020462363FFF710FC8EE500293FF48CAD39
:1041900092057FF589ADE26A608D616A80B204287C
:1041A00009D15A6822F480625A601B690B70636AF5
:1041B0000133636223E7608D80B203280CD1586815
:1041C000042A20F480605860EFD0022AEDD01A68EB
:1041D00022F480621A60E8E7608D80B20228E4D1A0
:1041E000042A33D007D8012A07D0022A2ED0186813
:1041F00040F4007004E0102AF9D1186820F48060BF
:1042000018601B690B70616A4B1C6362638D013B14
:104210009BB2638523681B694B70636A2168013315
:104220006362638D013B9BB263854B6823F44073EB
:104230004B60202384F83D3094F83E30402B4FF003
:10424000000384F83E3005D123638EE7186840F4FC
:104250008060D5E7082A90D0202A8DE7206C20B313
:104260000025586987072FD596052DD5226C02B1F8
:104270009D6994F83D2002F02802282A18D15A6836
:104280002F0622F480625A604FF0000354BFE268A8
:10429000A269C5F3800181F001012046C9B284F80A
:1042A0003C3092B2FEF74CFAFEE49D695869D9E7BA
:1042B00000220C9259690C919B6984F83C200C9364
:1042C0000C9BF1E430000020C60640F1B18095055A
:1042D00040F1AE8094F83D505A68EDB222F4E062AD
:1042E0005A6000220D925A690D921A6842F001023A
:1042F0001A600D9A1A6822F480621A605A681005D2
:1043000020D505F0F702222A4AD1A06B0268526834
:1043100092B26285628D92B21AB1226C42F00402AE
:1043200022645A6822F400625A60FFF775F8012887
:1043300008D0A06B794B4363FFF728F810B1A06B4E
:10434000436B9847638D9BB213B323685A69510737
:1043500009D51A69636A1A70636A01336362638DEF
:10436000013B9BB2638523685A69520609D51A69D5
:10437000636A1A70636A01336362638D013B9BB2A7
:104380006385638D9BB21BB1236C43F004032364EC
:10439000236C13B320460FB0BDE8F040FFF7C0BB5D
:1043A000606B0268526892B26285628D92B21AB1F5
:1043B000226C42F0040222645A6822F400625A60BD
:1043C000FFF72AF80128BDD0606B544B4363FEF71A
:1043D000DDFF0028B6D0606BB2E72A2D06D123633B
:1043E0002823204684F83D30FEF7F3F994F83D3059
:1043F000282B0CD14A4B2022E36200232046236362
:1044000084F83D2084F83E30FEF7CEF94CE4236B6F
:10441000222B02D0222D7FF447AC002320222363DD
:1044200084F83D2084F83E302046FEF7D2F93BE484
:1044300001F0F701212900F0040535D1070627D541
:10444000560525D53DBB94F83D00628DC0B292B2B1
:10445000002A3FF429AC626A12F8015B1D616262B6
:10446000628D013A92B26285628D92B2002A7FF427
:104470001BAC29287FF418AC5A68204622F48062CD
:104480005A602823216384F83D30FEF7B4F90BE429
:10449000002D3FF409AC95057FF506AC628D92B214
:1044A000002A3FF401ACA5E5400627D5510525D5E6
:1044B0003DBB94F83D20618DD2B289B200293FF412
:1044C000F3AB1969636A1970636A01336362638DC0
:1044D000013B9BB26385638D9BB2002B7FF4E4AB01
:1044E0002A2A7FF4E1AB2268536823F48063536087
:1044F00022232363282384F83D3095E7002D3FF4E1
:10450000D3AB92057FF5D0AB628D92B2002A3FF417
:10451000CBAB1A69636A1A7049E600BF613A0008BA
:104520000000FFFFF8B5036804465F695E6890F815
:104530003E2017F48075D2B20AD016F4807507D0E9
:104540006FF4807101255961196841F400411960C7
:10455000B80506D5F10542BF6FF4007145F00205BC
:104560005961780536D5F10534D5608D94F83D1044
:10457000202AD4F830C080B2C9B25FD100285DD102
:1045800001F0F700212804D0282957D1BCF1210FD0
:1045900054D194F83D20E16AD2B2082901D02029F3
:1045A0002AD1282A28D12E4A2046E2625A6822F4CB
:1045B000E0625A606FF480625A611A6822F4806285
:1045C0001A6000232022236384F83D2084F83E30C3
:1045D000FEF7EAF83A053FD5F3053DD56FF40062E2
:1045E000236845F008055A61236C20461D43256465
:1045F000BDE8F840FFF794BA212A1BD11849E162BF
:1046000022630021202284F83D2084F83E105A685D
:1046100022F4E0625A606FF480625A611A6822F4F0
:1046200080621A605A69100648BF19612046FEF779
:10463000E2F8CFE76FF480625A61CBE76FF48061F4
:10464000102A596145F0040501D0402AC2D11A68E8
:1046500042F400721A60BDE7002DC5D1F8BD00BF5D
:104660000000FFFF90F83D007047006C7047F8B500
:104670000446E0B190F8913203F0FF021BB980F8D4
:10468000902204F05FFE032384F891320023254634
:10469000637155F8040B01F0C0FE95E80E00206828
:1046A00001F0ABFE014628B1022384F891320125C6
:1046B0002846F8BD206801F0BAFE0028F4D1024671
:1046C0000127267904F11003C1B28E4203F12803B9
:1046D00018D800210A4604F5A873C8B2864203F12F
:1046E00028031BD895E80E00206801F0A2FE0546BD
:1046F0000028D9D101236073206884F8913202F038
:104700004DF9D5E743E9062203F8277C03F8281C76
:1047100003F8252C43F8102C0130D5E743E9062295
:1047200003F8272C03F8280C03F8252C43F8102C49
:104730000131D2E738B590F890320446012B10D001
:10474000012580F89052006801F05EFE294620465F
:1047500000F006FE206802F01FF9002084F89002A5
:1047600038BD0220FCE710B590F890220446012ADB
:104770000AD00122417380F89022006802F006F905
:10478000002084F8900210BD0220FCE72DE9F04FD4
:10479000044687B0006802F003F910F4004500F009
:1047A00025844FF02809C54E2068B0F8443019041C
:1047B00002D407B0BDE8F08FB0F84470B9B217F07A
:1047C0000F0740F0BF8011F0100126D103889BB283
:1047D000334043F400430380B0F85030227C9BB256
:1047E00003EBC20300EB4303B3F80434626AC3F380
:1047F00009031A44E3622046626204F004FE637B0C
:10480000002BD1D0A26A002ACED1637B216843F06D
:104810008003A1F84C306273C6E70588ABB215F48B
:10482000006521D0B0F8503094F850219BB203EBD2
:10483000C20300EB4303B3F80C34B4F85621C3F3BE
:104840000903C4F86C3104F5267102F0F0FA22680D
:104850002046138823F070031B051B0D43F08003D3
:10486000138004F0C1FD9FE71B049DD5038823F04E
:1048700070031B051B0D43F080030380B0F850301C
:1048800094F850219BB203EBC20300EB4303B3F84F
:104890000C34C3F30903C4F86C318BB1D4F8641140
:1048A00071B1B4F8562102F0C2FAD4F86431D4F8E8
:1048B0006C21294613442046C4F8643104F09AFD63
:1048C00021680A88170593B23FF56EAF03F4405391
:1048D000B3F5405F3FF468AFB1F8502001F20C40EF
:1048E00092B2835AD4F86051C3F309033E2D835228
:1048F0001DD9835A6F09ED0608BF07F1FF379BB238
:1049000043EA87236FEA43436FEA53439BB28352E0
:104910000B8823F4804323F070031B041B0C83F4E7
:10492000405343F4004343F080030B803CE7835A39
:10493000002DE7D005F001079BB207EB550543EAD0
:104940008523E3E730F8273019041FFA83F840F194
:10495000F38030F8273009FB074223F070031B0572
:104960001B0D43F0800320F8273092F85C5192F839
:104970005031D2F8641100F5806E95B9B0F85050FE
:10498000ADB2063505EBC3033EF81350C5F3090578
:10499000002D00F0B6802B46B2F8562102F047FAFF
:1049A000AFE092F85351022D40F08A8018F4804510
:1049B0000195B0F850504FEAC30BADB2D2F868C1C0
:1049C00008F0400A5D443CD002353EF81550C5F36E
:1049D0000905654514D94FF0000CC2F868C130F8DC
:1049E000232022F4804222F070021204120C82F47E
:1049F000005242F4004242F0800220F8232006E0F8
:104A0000ACEB050CC2F868C1BCF1000FE7D0BAF1FD
:104A1000000F0DD030F8232022F4E04222F0700283
:104A20001204120C42F4004242F0C00220F823208B
:104A3000002D66D0282202FB07422B46B2F85821EF
:104A4000ACE706353EF81550C5F30905654514D9A0
:104A5000DDF804C0C2F868C130F8232022F4804297
:104A600022F070021204120C82F4005242F400424E
:104A700042F0800220F8232006E0ACEB050CC2F8DF
:104A800068C1BCF1000FE7D0BAF1000F0DD130F8CA
:104A9000232022F4E04222F070021204120C42F4AD
:104AA000004242F0C00220F8232055B3282202FB26
:104AB00007422B46B2F85A2170E700BF0F8FFFFF65
:104AC00030F8235025F4E04525F070052D042D0C19
:104AD00045F4004545F0C00520F8235092F85051A8
:104AE00030F82530ED0013F4804FB0F850309BB211
:104AF0002B4452D002333EF81350C5F30905002D64
:104B00009BD109FB07F16318D3F86C212A44C3F841
:104B10006C21D3F864212A44C3F86421D3F86821B6
:104B20001AB1D3F860319D423FD209FB07432046BA
:104B300093F8501104F05EFC18F0800F3FF434AE8F
:104B4000206809FB07FC30F827309BB2334043F460
:104B5000004320F8273004EB0C03DA7C012A54D1FF
:104B6000002107FB0992A1501A7F82B318F0400878
:104B70005A7C34D002BBB0F850201B7C92B21B018F
:104B800000F2044010441A5AC2F309021A521A5A87
:104B900092B242F400421A5219E006333EF8135022
:104BA000C5F30905002DACD083E701F5A871206895
:104BB000214401F00BFFBFE7012A08D1B0F85020D3
:104BC0001B7C92B200F204401B01104419522823AE
:104BD00003FB0743197C204604F015FCE4E53AB9D1
:104BE000B0F850201B7C92B21B0100F20C40C9E7C8
:104BF000012AECD1B0F850201B7C92B200F20C409C
:104C00001B01104423F80080E1E7197CB0F85050F4
:104C10004FEAC10AADB218F4807B9A6A00F5806E43
:104C2000554417D102353EF81550C5F30905954294
:104C300002D3C3F828B0CEE7521B9A625A6A0CF12D
:104C400010012A445A62DA6A21442A44DA6201F0E5
:104C5000BDFEA9E518F0400C08F4804800F0E4809F
:104C600002353EF815501FFA88F8C5F3090595423C
:104C70002CBF0022521B9A62002A55D1282303FB25
:104C800007435B7C002B3DD1B0F8502000F2044577
:104C900092B20B011544EA5AC2F30902EA52EA5AE7
:104CA0006FEA42426FEA524292B2EA52B0F85020A2
:104CB00000F20C4092B21044C25AC2F30902C2522E
:104CC000C25A6FEA42426FEA524292B2C252204640
:104CD00004F099FBB8F1000F00F0E480282303FBF7
:104CE00007432268197C32F8213023F4E04323F093
:104CF00070031B041B0C43F4404343F0800322F871
:104D00002130CFE0012BE2D1B0F850C000F20445D1
:104D10001FFA8CFC65440B01EA52B0F8505000F2C7
:104D20000C40ADB22844D1E7B8F1000F0DD030F8F7
:104D3000212022F4E04222F070021204120C42F40C
:104D4000404242F0800220F821204FF0280E0EFB56
:104D5000074E9EF83420012A40F0A480DEF824207B
:104D600002EB050CCEF824C0DA6A2A44DA62DEF8D7
:104D70003030DEF82020934231D39B1ACEF8303009
:104D8000282303FB07435D7C93B2002D41D1B0F88B
:104D900050E000F204451FFA8EFE7544090135F813
:104DA00001E03E2ACEF3090E25F801E023D94FEAAF
:104DB000521ED2066A5A08BF0EF1FF3E92B242EA74
:104DC0008E226FEA42426FEA524292B26A5228221F
:104DD00002FB0742128B614601F0E8FD62E01BB95D
:104DE0002A468EF83430CBE700228EF83420CEF8F5
:104DF00030201A46C4E70AB96A5AE2E735F801E0FA
:104E000002F001081FFA8EFE08EB52024EEA8222DF
:104E1000DBE7012DDBD1B0F8505000F20442ADB217
:104E20002A4409015352D2E706353EF815501FFABD
:104E300088F8C5F3090595428CBF6246521B9A62F9
:104E4000002A57D1282303FB07435B7C002B3FD16B
:104E5000B0F8502000F2044592B20B011544EA5A12
:104E6000C2F30902EA52EA5A6FEA42426FEA524238
:104E700092B2EA52B0F8502000F20C4092B21044C4
:104E8000C25AC2F30902C252C25A6FEA42426FEAE0
:104E9000524292B2C252204604F0B5FAB8F1000F65
:104EA0003FF41CAF282303FB07472268397C32F804
:104EB000213023F4E04323F040031B041B0C83F058
:104EC000300343F4004343F0800322F821306BE4C5
:104ED000012BE0D1B0F850C000F204451FFA8CFC61
:104EE00065440B01EA52B0F8505000F20C40ADB2EC
:104EF0002844CFE7B8F1000F0DD130F8212022F47B
:104F0000E04222F070021204120C42F4404242F0DD
:104F1000800220F821204FF0280E0EFB074E9EF84D
:104F20003420012ABED1DEF8242002EB050CCEF895
:104F300024C0DA6A2A44DA62DEF83030DEF8202053
:104F400093422ED39B1ACEF83030282303FB07431D
:104F50005D7C93B2002D3ED1B0F850E000F20C45DC
:104F60001FFA8EFE7544090135F801E03E2ACEF3A2
:104F7000090E25F801E020D94FEA521ED2066A5ADE
:104F800008BF0EF1FF3E92B242EA8E226FEA424221
:104F90006FEA524292B26A52282202FB0742528BB7
:104FA00019E71BB92A468EF83430CEE70022CEF836
:104FB00030208EF834201A46C7E70AB96A5AE5E766
:104FC00035F801E002F001081FFA8EFE08EB5202EC
:104FD0004EEA8222DEE7012DDED1B0F8502000F249
:104FE0000C4592B215440A01AB52D5E7420512D5E1
:104FF00022682046B2F8443023F480631B041B0C63
:10500000A2F8443004F00BFA2946204607B0BDE868
:10501000F04FFFF7A8BB43040AD52268B2F844302A
:1050200023F480431B041B0CA2F84430FFF7C1BBE0
:10503000870405D52268B2F8443023F40053F1E721
:10504000C60419D522682046B2F8403023F0040384
:105050001B041B0CA2F84030B2F8403023F00803C8
:105060001B041B0CA2F8403004F0F6F92268B2F8D9
:10507000443023F48053D5E7050548D5236802ADB5
:10508000184629461A4603F1200632F8047B964258
:1050900021F8027BF9D1B3F8402092B242F001022C
:1050A000A3F84020B3F8402022F001021204120CB1
:1050B000A3F84020B3F844205105FBD5B3F84420B1
:1050C00022F480621204120CA3F8442035F8022B5B
:1050D00020F8042B8642F9D1B3F84020204692B242
:1050E00042F00802A3F84020B3F8442022F4006202
:1050F0001204120CA3F84420B3F8402092B242F0FC
:105100000402A3F8402004F097F9FFF752BB820590
:105110000DD522682046B2F8443023F400731B04F6
:105120001B0CA2F8443004F076F9FFF742BBC3052C
:105130007FF53FAB2268B2F8443023F4807371E707
:1051400070B52824054601F00700444311F0800F94
:1051500014BF04F1100104F5A87105EB040615BF96
:1051600001240024747486F8514114BF4919491967
:10517000022BCB7008BF0023087008BF0B710A61B7
:1051800095F89032012B09D00123286885F89032D8
:1051900001F060F9002085F8900270BD0220FCE764
:1051A000282301F00702534311F0800F10B5044685
:1051B00018BF03F1100118440BBF03F5A8710123B8
:1051C000002309190ABF0919437480F851310A7084
:1051D00094F89032012B09D00123206884F8903292
:1051E00001F098FA002084F8900210BD0220FCE73C
:1051F00070B52824002601F007014C43051985F8F5
:10520000501185F8516104F5A8710144C5E959238D
:10521000C5F86C61006801F0D9FB304670BD2823E9
:1052200001F0070103FB0100D0F86C01704770B575
:10523000282501F007014D434419C4E9092301223F
:105240000026217484F83420627405F110010144B1
:105250002363E662006801F0B9FB304670BD38B5E3
:10526000037901F00705AB4204462AD311F0800F01
:105270004FF028031CD001226B4303F110010344BB
:1052800001445A7401230D708B7094F890229A4255
:1052900019D0206884F8903201F00FFB25B92068FE
:1052A00004F5267101F080FB002084F8900238BDDF
:1052B00000224B4303F5A8710344014483F85121B4
:1052C000E0E70120F3E70220F1E738B5027901F0C9
:1052D0000F039A42044626D3282301F007025343C2
:1052E00011F0800F14BF03F1100103F5A8711844E9
:1052F0004FF0000515BF012300230919091914BF38
:10530000437480F851318D700A7094F89032012BFB
:105310000BD00123206884F8903201F0EEFA284681
:1053200084F8905238BD0120FCE70220FAE710B55E
:10533000282411F0800F1BBF01F0070104FB0100BE
:1053400004FB0100103008BF00F5A87099B21AB92B
:105350000273C180002010BD012283600273F9E74F
:10536000704700000122014B1A62704700000E4294
:105370002DE9F341054638B30368DB0710D42B68E9
:105380009F075ED42B68190700F195802B685A0798
:1053900000F1C180EB69002B40F02C81002029E056
:1053A000904C636803F00C03042B07D0636803F090
:1053B0000C03082B0AD16368DE0307D523689C031E
:1053C000DDD56B68002BDAD1012013E06B68B3F5F3
:1053D000803F12D1236843F480332360FDF7C2FB82
:1053E000064623689803CAD4FDF7BCFB801B6428DB
:1053F000F7D9032002B0BDE8F0819BB9236823F4FC
:1054000080332360236823F480232360FDF7AAFB05
:10541000064623689903B2D5FDF7A4FB801B6428D8
:10542000F7D9E6E7B3F5A02F236803D143F480232F
:105430002360CFE723F480332360236823F48023A1
:10544000CBE7684C636813F00C0F07D0636803F078
:105450000C03082B10D16368DA030DD423689B0773
:1054600002D52B69012BAFD123686A6923F0F803B9
:1054700043EAC203236085E72A695B4B6AB10122D4
:105480001A60FDF76FFB064623689F07ECD4FDF713
:1054900069FB801B0228F7D9ABE71A60FDF762FBB6
:1054A0000646236898077FF56DAFFDF75BFB801B11
:1054B0000228F6D99DE7AA694A4E4B4BE2B1012278
:1054C000C3F88024FDF74EFB0446736A9B070DD595
:1054D0004FF4FA52454B1B68B3FBF2F3019300BF44
:1054E000019B5A1E0192002BF9D14FE7FDF73AFBC1
:1054F000001B0228E9D97CE7C3F88024FDF732FBC2
:105500000446736A9F077FF541AFFDF72BFB001B35
:105510000228F6D96DE7334CE369D80024D401277B
:10552000E36943F08053E361E36903F08053009340
:10553000009B2F4E3368D90518D5EB68012B26D177
:10554000236A43F001032362FDF70CFB41F2883824
:105550000646236A9B073FD5002F3FF41BAFE36944
:1055600023F08053E36115E70027E2E7336843F453
:1055700080733360FDF7F6FA80463368DA05DCD4D1
:10558000FDF7F0FAA0EB08006428F6D931E7ABB9D3
:10559000236A41F2883823F001032362236A23F04F
:1055A00004032362FDF7DEFA0646236A9807D3D583
:1055B000FDF7D8FA801B4045F7D91AE7052B236A77
:1055C00003D143F004032362BAE723F0010323620B
:1055D000236A23F00403B6E7FDF7C4FA801B4045B5
:1055E000B7D906E700100240000042423000002018
:1055F000007000402A4C626802F00C02082A3ED07B
:105600000022022B274B1A662CD1FDF7ABFA064677
:105610002368990120D42B6AB3F5803F05D16268D5
:10562000A96822F400320A436260696A62680B4327
:1056300022F474121343012263601A4B1A66FDF7B9
:1056400091FA054623689A013FF5A8AEFDF78AFA5C
:10565000401B0228F6D9CCE6FDF784FA801B02280D
:10566000D6D9C6E6FDF77EFA054623689B017FF58D
:1056700095AEFDF777FA401B0228F6D9B9E6012B63
:105680003FF4A2AE60682B6A00F480329A427FF445
:105690009BAE6B6A00F47010C01A18BF0120A9E617
:1056A00000100240000042420D4A536803F00C0112
:1056B000082912D10B48C3F38341DB03405C09D5B1
:1056C0005368094AC3F340435043084AD35CB0FBD4
:1056D000F3F07047064B584370470348704700BFCC
:1056E000001002405EB2000800127A005CB20008AE
:1056F00000093D002DE9F0410D46044610B9012096
:10570000BDE8F081444A136803F007038B4228D3B5
:1057100021688E0730D4CA0743D43F4A136803F088
:105720000703AB4265D822683C4D12F0040F6CD1E0
:10573000130706D56B68226923F4605343EAC2035A
:105740006B60FFF7B1FF6B68354AC3F30313D35C9B
:10575000D840344B1860344B1868FDF7C1F900206D
:10576000CEE7136823F007030B431360136803F0BD
:1057700007038B42C3D1CBE7284B11F0040F1EBFA8
:105780005A6842F4E0625A60080742BF5A6842F41D
:1057900060525A605A68A06822F0F00202435A60D0
:1057A000B9E762681D4E012A33681AD113F4003F2D
:1057B000A5D0736841F2883823F003031343736064
:1057C000FDF7D0F907467368626803F00C03B3EB8A
:1057D000820FA2D0FDF7C6F9C01B4045F3D90320C4
:1057E0008EE7022A02D113F0007FE1E713F0020FE7
:1057F000DEE7136823F007032B431360136803F0FD
:105800000703AB427FF47BAF8DE76B68E16823F45D
:10581000E0630B436B608BE7002002400010024006
:10582000C8B20008300000200C000020044B054ADC
:105830005B68C3F30223D35C034A1068D840704707
:1058400000100240C0B2000830000020044B054A9E
:105850005B68C3F3C223D35C034A1068D840704727
:1058600000100240C0B200083000002003682DE99B
:10587000F3410546D80720D5364CE369D9002AD430
:105880000126E36943F08053E361E36903F0805349
:105890000193019B304F3B68DA051ED5236A13F450
:1058A00040732ED1236A6A6823F440731343236242
:1058B0001EB1E36923F08053E3612A68910706D59E
:1058C0002449A8684B6823F4404303434B60D30644
:1058D00037D4002012E00026DCE73B6843F48073F5
:1058E0003B60FDF73FF980463B68DB05D6D4FDF70A
:1058F00039F9A0EB08006428F6D9032002B0BDE80E
:10590000F0816A6802F440729A42CBD00120134AB7
:10591000236AC2F84004002023F44071DF07C2F874
:1059200040042162BED5FDF71DF941F288380746D3
:10593000236A9807B6D4FDF715F9C01B4045F7D97F
:10594000DBE7044AE968536823F480030B435360A0
:10595000BFE700BF0010024000700040000042425C
:10596000022808B544D0102803D0012822D00020F6
:1059700034E0254B5A68186810F080702ED0C2F3BE
:1059800083412248D20348BF5A68405C41BF204946
:10599000C2F34042895C1F4A5B684CBFB2FBF1F224
:1059A0001D4A5B0202FB00F018D403234000B0FB49
:1059B000F3F013E040F20231134A136A1940B1F5D3
:1059C000817F1ED003F44073B3F5007F07D149F601
:1059D0004040536A13F0020F08BF002008BDB3F522
:1059E000407FC4D113684FF2244013F4003FF3E723
:1059F000FFF72CFF044B5B68C3F3813301335B007B
:105A0000D5E74FF40040E9E70010024070B200080B
:105A10006EB2000800127A0000093D00704770471E
:105A2000036870B5DD681E690446B1070DD5AA0785
:105A30000BD56FF002021A61012202779B699B0766
:105A400069D000F0D8FC00232377710710D56A07CE
:105A50000ED56FF00402236820461A6102222277D5
:105A60009B6913F4407F5CD000F0C5FC00232377D2
:105A700033070FD528070DD56FF00802236820469D
:105A80001A6104222277DB69990750D000F0B3FC39
:105A900000232377F20610D5EB060ED56FF0100227
:105AA000236820461A6108222277DB6913F4407FBD
:105AB00043D000F0A0FC00232377F00708D5E907C6
:105AC00006D56FF00102236820461A6100F070FCD1
:105AD000320608D52B0606D56FF0800223682046D3
:105AE0001A6100F090F8700608D5690606D56FF0C7
:105AF0004002236820461A61FFF791FFB20622D5C3
:105B0000AB0620D56FF0200223682046BDE8704028
:105B10001A6100F077B800F06CFC2046FFF77EFFBA
:105B200091E700F066FC2046FFF778FF9EE700F063
:105B300060FC2046FFF772FFAAE700F05AFC2046FF
:105B4000FFF76CFFB7E770BD174A036890420AD0B1
:105B5000B0F1804F07D0A2F59432904203D002F505
:105B60008062904207D14A6823F070031343CA68E9
:105B700023F4407313434A6923F080031343036003
:105B80008B68C3620B688362074B984204BF0B6942
:105B90000363012343610369DB0742BF036923F009
:105BA00001030361704700BF002C014010B504469B
:105BB00030B390F83D3003F0FF021BB980F83C2071
:105BC00001F04AFF0223206884F83D30211DFFF7D1
:105BD000BBFF0123002084F8463084F83E3084F86F
:105BE0003F3084F8403084F8413084F8423084F803
:105BF000433084F8443084F8453084F83D3010BD9B
:105C00000120FCE770477047026802F10C0353E87B
:105C1000003F23F490730C3242E8003102680029FF
:105C2000F2D102F1140353E8003F23F0010302F123
:105C3000140C4CE800310029F3D1036B012B0BD17C
:105C400002F10C0353E8003F23F0100302F10C0CA7
:105C50004CE800310029F3D1202380F842300023A2
:105C60000363704710B504460368C1681A6922F4DB
:105C700040520A431A6182680069D9680243606928
:105C800021F4B05121F00C0102430A43DA605A6951
:105C9000A16922F440720A435A610E4A934215D117
:105CA000FFF7D4FD19234343626820689200B3FBD9
:105CB000F2F36422B3FBF2F102FB11331B01323326
:105CC000B3FBF2F303EB0113836010BDFFF7AEFDEE
:105CD000E8E700BF00380140704710B5044648B3FC
:105CE00090F8413003F0FF021BB980F84020FFF725
:105CF000F3FF2423226884F84130D368204623F43C
:105D00000053D360FFF7AEFF236800201A6922F426
:105D100090421A615A6922F02A025A61DA6842F402
:105D20000052DA602023606484F8413084F8423005
:105D3000606310BD0120FCE710B5044668B390F81D
:105D4000413003F0FF021BB980F84020FFF7C4FF89
:105D50002423226884F84130D368204623F400537A
:105D6000D360FFF77FFF236800201A6922F4904276
:105D70001A615A6922F022025A615A6942F00802F5
:105D80005A61DA6842F40052DA602023606484F8D1
:105D9000413084F84230606310BD0120FCE790F888
:105DA0004130202B10D189B182B1C284828400237A
:105DB000212201620168436480F84120CA681846C4
:105DC00042F08002CA60704702207047012070478D
:105DD00008B50023406AC385C38401F0F7FF08BDFE
:105DE000704790F8423007B5222B42D18168026893
:105DF000B1F5805F836A3FD1016900293FD15268C4
:105E0000C2F3080223F8022B8362C38D013B9BB2CD
:105E1000C385002B2DD10268D16821F02001D1600B
:105E2000D16821F48071D160516921F00101516183
:105E3000202280F842204363026B012A026828D1A5
:105E4000036302F10C0353E8003F23F0100302F157
:105E50000C0C4CE800310029F3D11368DB0605D5A2
:105E600001911368019353680193019B818DFFF7A2
:105E7000B7FF03B05DF804FB39B9016929B952686D
:105E8000D2B21A70836A0133BEE7526802F07F0211
:105E9000F7E701F095FFECE7036873B51A6804466D
:105EA0001607D9685D6908D1960668D58D0666D54E
:105EB00002B0BDE87040FFF794BF05F0010001F4A7
:105EC000907505435BD0D60705D5CD0542BF636C01
:105ED00043F001036364530704D518B1636C43F0C6
:105EE00002036364960704D518B1636C43F004039E
:105EF0006364150707D501F0200303431EBF636CDD
:105F000043F008036364636C002B32D0920604D51F
:105F10008B0602D52046FFF764FF2668204673698A
:105F2000626C03F0400302F0080253EA020522D03B
:105F3000FFF76AFE73695E0618D5226802F1140342
:105F400053E8003F23F04003143242E800310029B7
:105F5000F3D1E06B50B1744B4363FDF717FA40B1D6
:105F6000E06B436B02B0BDE870401847204601F07B
:105F70002DFF02B070BD01F029FF6564F9E7206BC9
:105F8000012840F09480D50640F19180C80640F188
:105F90008E80002201921A6801925A680192019A39
:105FA0005A6952064DD5E16B0A68526892B2002ACE
:105FB000DFD0A08D9042DCD9E2858A69202A36D0D4
:105FC00003F10C0252E8002F22F4807203F10C005E
:105FD00040E800210029F3D103F1140252E8002F18
:105FE00022F0010203F1140040E800210029F3D15E
:105FF00003F1140252E8002F22F0400203F11400D2
:1060000040E800210029F3D1202284F842202163B6
:1060100003F10C0252E8002F22F0100203F10C00F1
:1060200040E800210029F3D1E06BFDF78FF902234E
:106030006363E38DA18DC91A89B22046FFF7D0FEB4
:1060400097E7E28DE18D92B289B2002991D0A18DBE
:10605000891A89B200298CD003F10C0252E8002F72
:1060600022F4907203F10C0545E800200028F3D1DA
:1060700003F1140252E8002F22F0010203F114058B
:1060800045E800200028F3D1202284F84220206334
:1060900003F10C0252E8002F22F0100203F10C056C
:1060A00045E800200028F3D102236363C5E7160604
:1060B00028D50D0626D594F84120212A7FF459AF22
:1060C000A168226AB1F5805F17D12169A9B932F8B8
:1060D000021BC1F3080159602262E28C013A92B2BC
:1060E000E284002A7FF445AFDA6822F08002DA60A9
:1060F000DA6842F04002DA603BE7511C2162127814
:106100005A60EAE750067FF534AF4A067FF531AFB3
:10611000DA68204622F04002DA60202384F8413019
:1061200001F051FE25E700BFD15D000890F8403036
:10613000012B11D02423026880F84130D36823F06A
:106140000C0343F00803D360202380F84130002380
:1061500080F84030184670470220704790F8403071
:10616000012B11D02423026880F84130D36823F03A
:106170000C0343F00403D360202380F84130002354
:1061800080F84030184670470220704790F8412050
:1061900090F84200104370470023C28543642223D5
:1061A0008285026980F84230816203681AB1DA6838
:1061B00042F48072DA605A69002042F001025A61AA
:1061C000DA6842F02002DA60704770B590F84260F9
:1061D000202E07D141B13AB100240463FFF7DCFF60
:1061E000204670BD0220FCE70120FAE7836810B565
:1061F00004462BB10322014698470023C4E9023329
:1062000010BD00000B4B98420BD0B0F1804F0AD06C
:10621000A3F59433984208D003F58063984206D0E2
:10622000FEE70020704701207047022070470320DE
:10623000704700BF002C0140024670B5044652F87A
:10624000100FFFF7DFFF0546104601F097FB002314
:10625000084A04F1600642F82530E36004F1B00515
:10626000B54204D0103D2846FBF79DFEF8E72046D6
:1062700070BD00BF1C050020F8B504460846FFF7B6
:10628000C1FF236903B1FEE71B4D04F10C0245F881
:1062900020200E2204F110063046C4E90C33C4E974
:1062A0000E33C4E91033C4E91623216184F82C307D
:1062B000A36484F84C3084F84D30E46001F01AFB9C
:1062C00004F1600504F1B00728461035FFF78EFF92
:1062D000BD42F9D100234FF6FF72C4E90033C4E98F
:1062E0000632C4E90833A360636180233046A362A9
:1062F000BDE8F840FFF75ABC1C050020034B1868A6
:1063000010B10430FFF78CBB704700BF1C050020A4
:10631000FFF7F4BF034B586810B10430FFF780BBA0
:10632000704700BF1C050020034B986810B1043073
:10633000FFF776BB704700BF1C050020034BD868F1
:1063400010B10430FFF76CBB704700BF1C05002084
:106350000022C0E90022C0E902227047F8B50446D5
:106360000E4600F1600500F1B00728461035FFF732
:10637000EFFFBD42F9D10023204631462361FFF7EC
:106380007BFF2046F8BD826810B50AB904F0FEFD17
:10639000C368BDE81040184708B500B9FEE701F032
:1063A000A7FA0068836E13B16030FFF7ECFF08BDF9
:1063B000FFF7F2BF10B500B9FEE7037F013B072BE3
:1063C00010D8DFE803F004140F100F0F0F12012490
:1063D00001F08EFA0068063400EB041083680BB1FC
:1063E000FFF7D1FF10BD0324F2E70424F0E70224F5
:1063F000EEE7FFF7DFBFFFF7DDBF84B004A800E9D9
:106400000E00002004B0704703464FF43F420020C6
:10641000A3F84400A3F840207047B0F8403023F4BC
:106420007C535B045B0CA0F84030002070470020D8
:1064300070471FB5044604A800E90E0000200123A0
:10644000A4F84030A4F84000A4F84400A4F8500098
:1064500004B010BDF0B50A78CD7830F8224003467C
:1064600024F4EC4424F070042404240C032D03D8F9
:10647000DFE805F041494745012048F280073C43E9
:1064800023F8224033F822409F4EA4B234401443F4
:106490003C4323F822400C7B03EB021C002C40F011
:1064A0008C80CC884F78640864007FB3B3F85010B8
:1064B00089B26144A1F8004433F822104C0609D592
:1064C00033F8221089B2314041F4004141F0C0015B
:1064D00023F8221033F822108C4C89B2012D01EAE6
:1064E000040101D081F0200141F4004141F080011C
:1064F00023F822104DE0284644F40074BDE744F42C
:10650000C0640020B9E744F48064FAE7B3F850505F
:10651000ADB26544A5F80844B3F85040A4B2644451
:10652000B4F80C54C5F30905A4F80C540D693E2DBC
:1065300030D9E906B4F80C144FEA551608BF06F135
:10654000FF3689B241EA86216FEA41416FEA514143
:1065500089B2A4F80C1433F822104F040DD533F887
:10656000221021F4E04121F070010904090C41F4EA
:10657000404141F0800123F82210654CB2B91A88DD
:1065800092B2224082F4405242F4004242F0800231
:106590001A80F0BDB4F80C14002DD5D005F001061A
:1065A00089B206EB550541EA8521D1E733F822107F
:1065B00089B2214081F4005196E7022D33F8224040
:1065C0005BD1A4B2344044F4014444F0800423F885
:1065D0002240B3F850400E89A4B276086444760095
:1065E000A4F800644E89B3F850407608A4B264441D
:1065F0007600A4F808644978002948D133F82210BD
:106600004E040DD533F8221021F4E04121F0700141
:106610000904090C41F4404141F0800123F82210A3
:1066200033F822104D060DD533F8221021F4E04145
:1066300021F070010904090C41F4004141F0C0014E
:1066400023F8221048F2800433F8221021F480410C
:1066500021F070010904090C81F44051214323F811
:10666000221033F8221021F4E04121F04001090406
:10667000090C0C4323F822408BE724F4E24424F075
:1066800070042404240C274323F82270A1E733F874
:1066900022104C040DD533F8221021F4E04121F0F2
:1066A00070010904090C41F4404141F0800123F8D4
:1066B000221033F8221049060DD533F8221021F4A8
:1066C000E04121F070010904090C41F4004141F05E
:1066D000C00123F8221033F822100C4C89B221405B
:1066E000012D18BF81F0200141F4004141F08001EB
:1066F00023F8221033F8221021F4804121F0700198
:106700000904090CF0E600BF8F8FFFFFBF8FFFFF6A
:106710008FBFFFFF4A780B78097BD9BB0AB330F8EB
:10672000232051060DD530F8232022F4E04222F038
:1067300070021204120C42F4004242F0C00220F82F
:10674000232030F8232022F4E04222F040021204F9
:10675000120C42F4004242F0800220F82320002074
:10676000704730F8232052040DD530F8232022F44E
:10677000E04222F070021204120C42F4404242F055
:10678000800220F8232030F8232022F4804222F0D7
:106790007002DCE7002A4AD130F8232051040DD5DD
:1067A00030F8232022F4E04222F070021204120C8E
:1067B00042F4404242F0800220F8232030F82320A7
:1067C00052060DD530F8232022F4E04222F0700268
:1067D0001204120C42F4004242F0C00220F82320BE
:1067E00048F2800130F8232022F4E04222F07002C7
:1067F0001204120C42F4004242F0C00220F823209E
:1068000030F8232022F4804222F070021204120C8D
:106810000A4320F8232030F8232022F4E04222F01B
:1068200040021204120C114320F8231097E730F8AD
:10683000232051040DD530F8232022F4E04222F029
:1068400070021204120C42F4404242F0800220F81E
:10685000232030F8232052060DD530F8232022F4CF
:10686000E04222F070021204120C42F4004242F0A4
:10687000C00220F8232048F2800130F8232022F4BF
:10688000E04222F070021204120C42F4404242F044
:10689000800220F8232030F8232022F4E04222F066
:1068A00040021204120C0A4320F8232030F823205F
:1068B00022F4804222F07002B3E74B780A788BB161
:1068C00030F8223023F4E04323F040031B041B0C78
:1068D00083F0100343F4004343F0800320F8223098
:1068E0000020704730F8223023F4804323F07003F7
:1068F0001B041B0C83F48053ECE70B7B3BBB4B78F6
:106900000A7833B330F822305B060DD530F82230E8
:1069100023F4E04323F070031B041B0C43F40043F7
:1069200043F0C00320F82230CB78012B0FD030F891
:10693000223023F4E04323F040031B041B0C83F0BC
:10694000200343F4004343F0800320F8223000206A
:10695000704730F822305B040DD530F8223023F434
:10696000E04323F070031B041B0C43F4404343F04B
:10697000800320F8223030F8223023F4804323F0C3
:1069800070031B041B0C83F44053DAE711B9802316
:10699000A0F84C300020704700207047002070475E
:1069A000B0F8440080B270470020704700EB42000E
:1069B000013300F580605B0800EB8303834200D164
:1069C000704731F8022B20F8042BF7E72DE9F04748
:1069D0004B780446012B0D460A7B40F01581D1F817
:1069E00010908F6949694F4528BF4F460ABBBFB217
:1069F000EA883B46FFF7DAFFB4F85000297880B206
:106A000004F20442090102448F522A7834F82230F9
:106A100023F4E04323F040031B041B0C83F03003FA
:106A2000002043F4004343F0800324F82230BDE803
:106A3000F087EB7895F800E0022B2E6A4FEA0E1CE7
:106A400040F0CD80B14530F82E2080F0B18022F4A6
:106A5000E04222F070021204120C42F4014242F0B1
:106A6000800220F82E2030F82E80B0F850E0F61B7F
:106A700018F040082E6201EB070ABBB21FFA8EFE27
:106A80004DD000F20C42724422F80C306A89FFF7B4
:106A90008DFFB14536BFF31B00233E466A782B625B
:106AA000C5F814A0B3B272BBB4F85020287892B2E3
:106AB00004F2044100011144425A3E2EC2F309027D
:106AC000425215D9F206425A4FEA561708BF07F14B
:106AD000FF3792B242EA87226FEA42426FEA52429D
:106AE00092B242522A8951462046FFF75FFF8CE757
:106AF000425A002EF0D006F0010792B207EB56067C
:106B000042EA8622ECE7012AECD1B4F85000297859
:106B100080B204F20442090102448B52E2E700F21F
:106B20000442724422F80C302A89FFF73FFFB14536
:106B300036BFF31B43463E466A782B62C5F814A065
:106B4000B3B24ABBB4F85020287892B204F20C4198
:106B500000011144425A3E2EC2F30902425210D99A
:106B6000425A7709F60608BF07F1FF3792B242EAA8
:106B700087226FEA42426FEA524292B242526A89D7
:106B8000B1E7425A002EF4D006F0010792B207EBAB
:106B9000560642EA8622F0E7012AF0D1B4F8500006
:106BA000297880B204F20C42090102448B52E6E7D4
:106BB00022F4E24222F070021204120C42F400426B
:106BC00042F0800220F82E20B0F8503000F204424B
:106BD0009BB21A44B3B222F80C302A8985E730F808
:106BE0002E20F61B2E62B0F850605206BBB2B6B231
:106BF00006D500F20C42324422F80C306A8974E760
:106C000000F204423244E6E7002A3BD18B6909696D
:106C1000B0F850008B4284BF5A1A0B462978AA61FB
:106C200080B204F20C4209010244885A3E2BC0F3A0
:106C3000090088521AD95809DB068B5A08BF00F19F
:106C4000FF309BB243EA80236FEA43436FEA53432A
:106C50009BB28B522A7834F8223023F4804323F0FD
:106C600070031B041B0C83F44053D9E60BB98B5AF9
:106C7000EAE7885A03F0010680B206EB530340EAC4
:106C80008323E5E7CA78022A70D1002B38D1B0F807
:106C900050200B7892B200F204401B011044C25AFB
:106CA000C2F30902C2520A693E2A44D9C15A56099E
:106CB000D70608BF06F1FF3689B241EA86216FEA9E
:106CC00041416FEA514189B2C152B4F8500004F217
:106CD0000C4180B20144C85A3E2AC0F30900C85290
:106CE00034D95009D606CA5A08BF00F1FF3092B213
:106CF00042EA80226FEA42426FEA524292B2CA529C
:106D0000EB69002BA6D02A7834F82210480401F051
:106D1000400327D5002B9DD034F8223023F4E043E4
:106D200023F070031B041B0C43F4004343F0C00327
:106D300024F822308EE7C15A002AC0D002F00106A2
:106D400089B206EB520641EA8621BCE70AB9CA5A63
:106D5000D0E7C85A02F0010680B206EB520240EAC0
:106D60008222CBE7002B7FF475AFD5E7012A5CD1F7
:106D70008A6909698A4294BF0020501AA86188BFB5
:106D80000A46002B7FF466AFB4F850102B7889B216
:106D900004F204401B010844C15A3E2AC1F3090110
:106DA000C1522BD9D106C15A4FEA521608BF06F17B
:106DB000FF3689B241EA86216FEA41416FEA5141CB
:106DC00089B2C152B4F8500004F20C4180B20144BF
:106DD000C85A3E2AC0F30900C8521AD95009D2062F
:106DE000CA5A08BF00F1FF3092B242EA80226FEA2D
:106DF00042426FEA524292B2CA522BE7C15A002A6B
:106E0000DAD002F0010689B206EB520641EA862189
:106E1000D6E70AB9CA5AEAE7C85A02F0010680B2B0
:106E200006EB520240EA8222E5E70120FFE500EB93
:106E30004200F0B500F580605D0807460C462E461E
:106E4000023436B9DB0744BF30F8253001F815307D
:106E5000F0BD37F8042B013E92B204F8022C120A5E
:106E600004F8012CECE703F067BB03F06DBB0000F6
:106E700086B0042841D8DFE800F003101C28340055
:106E80001F4B20489A6942F004029A619B6903F003
:106E900004030193019B06B07047194B1A489A6985
:106EA00042F008029A619B6903F008030293029B77
:106EB000F1E7134B15489A6942F010029A619B69F9
:106EC00003F010030393039BE5E70D4B10489A6909
:106ED00042F020029A619B6903F020030493049B13
:106EE000D9E7074B0B489A6942F040029A619B69C7
:106EF00003F040030593059BCDE70020CBE700BFDF
:106F00000010024000080140000C01400010014048
:106F1000001401400018014008B5044900F0B2FC1B
:106F2000C0F3C430112800D9FEE708BDB8B6000888
:106F300041F20103984204D041F20203984202D088
:106F4000FEE7102070471120704700000368134AC5
:106F500082B0934211D1124B9A6942F400729A6145
:106F60009B6903F400730093009B0E4B1868C304E5
:106F700011D40D4902B000F04BBC0C4A9342F4D13D
:106F8000074B9A6942F480629A619B6903F48063BB
:106F90000193019BE9E702B0704700BF0024014064
:106FA0000010024024000020B8B60008002801406C
:106FB0000368124A93420DD1114BDA6842F4007211
:106FC000DA60DA6822F40072DA609A6922F40072F8
:106FD0009A6170470B4A9342FBD1094BDA6842F43D
:106FE0008062DA60DA6822F48062DA609A6922F4F8
:106FF00080629A619A6922F48062E9E70024014084
:107000000010024000280140F0B593B00446302241
:10701000002106A803F0BFFB0023E204CDE90333FF
:107020000593ADF80630029355D541F202039C4218
:1070300051D8314B20460693FFF77AFF07260546C5
:10704000002301274FF46022CDE907338DF8243067
:107050008DF82C300C9310930E938DF83C30274B09
:1070600006A80A970D921C60FBF76EFF00283ED120
:1070700003A906A8CDE903570596FBF721FE0028D2
:1070800035D106A8FCF758F8002830D106A8FBF740
:10709000D3FE60BB0A2106A8FBF76AFD38BB06A831
:1070A000FBF78CFE830505D506A8FBF705FE80B22D
:1070B000ADF8060006A8FCF725F8C0B906A8FBF74E
:1070C000C1FFA0B90C4A936823F400039360BDF894
:1070D000060080B20CE00A49204600F0B1FB02A98C
:1070E00006902046FFF718FF069B054613B90020BF
:1070F00013B0F0BD0226A3E70024014024000020C5
:10710000B8B60008F8B51349064600F099FBFFF73A
:1071100079F8114F054657F8203073B9B020FFF7C2
:10712000A2FE0C490446304600F08AFB0146204688
:10713000FFF714F957F825301C601C6844B120464D
:10714000FFF77AF82046BDE8F840B021FFF78DBE82
:10715000F8BD00BF54B400081C0500200B6807B53B
:10716000032B2BD90378312B28D14378452B25D1FC
:107170008378412B22D1C378462B1FD1FEF7F2F83A
:10718000104BDA6942F00062DA6144F24C22DB69AA
:1071900003F000630193019B0B4BC3F8102CC3F861
:1071A000282CBFF34F8F0949094BCA6802F4E062EB
:1071B0001343CB60BFF34F8F00BFFDE703B05DF813
:1071C00004FB00BF001002400060004000ED00E042
:1071D0000400FA05FBF7C6BC704708B5FBF7B6FC20
:1071E000FCF79FF8FFF7F8FF08BD70470F4B84B01E
:1071F000DA6942F08052DA61DA6902F08052019273
:10720000019A9A6942F001029A619A6902F00102B8
:107210000292029A5A6942F040025A615B6903F095
:1072200040030393039B04B0704700BF001002406B
:107230000C4BD3F8FC20D2015EBFD3F8FC2042F007
:107240008072C3F8FC200022074B5A601A6842F093
:1072500001021A6000BF00BF00BF5868B0FA80F09A
:107260004009704700ED00E0001000E008B5FFF7AE
:10727000BDFFFFF7DDFFFBF757FCFFF7B6FF02F09E
:1072800069FA0348FCF752F8BDE8084002F026BA54
:10729000280000200023C0E90033C0E90233704712
:1072A0000023012803F101020AD11422DBB2534367
:1072B000054A181D1044816829B11A4413691847FA
:1072C00013464008EDE770472C0500200120FCF72D
:1072D000A7B80220FCF7A4B80420FCF7A1B8082046
:1072E000FCF79EB81020FCF79BB808B52020FCF7EF
:1072F00097F84020FCF794F88020FCF791F84FF4C1
:107300008070FCF78DF8BDE808404FF40070FCF782
:1073100087B838B506244FF48065A8B2FCF780F82A
:10732000013C4FEA4505F8D138BD0000344A08B5A4
:107330001046062300F8043BFFF7ACFF072302F1D9
:1073400018001375FFF7A6FF082302F12C0082F83E
:107350002830FFF79FFF092302F1400082F83C30FC
:10736000FFF798FF0A23172102F1540082F85030EA
:10737000FFF790FF02F1680082F86410FFF78AFFC0
:1073800002F17C0082F87810FFF784FF02F1900090
:1073900082F88C10FFF77EFF02F1A40082F8A010A3
:1073A000FFF778FF82F8B410282102F1B800FFF748
:1073B00071FF02F1CC0082F8C810FFF76BFF02F1F9
:1073C000E00082F8DC10FFF765FF02F1F40082F8BC
:1073D000F010FFF75FFF02F5847082F80411FFF7E9
:1073E00059FF02F58E7082F81811FFF753FFBDE8C0
:1073F000084002F5987082F82C11FFF74BBF00BFD0
:107400002C05002038B5054CA4F5A075143C201DB2
:10741000FAF7C9FDAC42F9D138BD00BF6C060020B7
:107420007B4B82B09A69013842F001029A619B69F4
:1074300003F001030193019B23282CD8DFE810F00F
:1074400024002D0034003B00400047004C00530056
:1074500058005F0068006D0074007D0082008900A4
:1074600092009B00A000A700B000B500BC002B005C
:107470002B002B00C100C8002B002B002B002B0081
:10748000CD00D200D900E000624A536843F0E063C7
:1074900043F00103536002B070475E4A536823F023
:1074A000010343F0E063F5E75A4A536843F0E063B1
:1074B00043F00203EEE7574A536823F00203F0E774
:1074C000544A536843F0E06343F00403E2E7514A4F
:1074D000536823F00403E4E74E4A536843F0E06343
:1074E00043F00803D6E74B4A536823F00803D8E774
:1074F000484A536843F0E06343F03003CAE7454A23
:10750000536823F0300343F0E06343F01003C1E716
:10751000404A536823F03003C3E73E4A536843F0C0
:10752000E06343F0C003B5E73A4A536823F0C00371
:1075300043F0E06343F04003ACE7364A536823F07E
:10754000C003AEE7334A536843F0E06343F440734B
:10755000A0E7304A536823F4407343F0E06343F4F8
:10756000007397E72B4A536823F4407343F0E063BA
:1075700043F480738EE7274A536823F4407390E7FF
:10758000244A536843F0E06343F4406382E7214AAE
:10759000536823F4406343F0E06343F4006379E706
:1075A0001C4A536823F440637BE71A4A536843F04C
:1075B000E06343F480536DE7164A536823F4805325
:1075C0006FE7144A536843F0E06343F4004361E714
:1075D000104A536823F4004363E70E4A536823F0CC
:1075E000E06357E70B4A536823F0E06343F080738E
:1075F00050E7084A536823F0E06343F0007349E71B
:10760000044A536823F0E06343F0806342E700BF1D
:10761000001002400000014091FAA1F3B3FA83F395
:1076200070B50D0E0F2691FAA1F1B1FA81F144590E
:107630009B0006FA03F3890024EA03048A402243EC
:10764000425170BD91FAA1F3B3FA83F370B50D0EF8
:10765000042691FAA1F1B1FA81F144599B0006FA8E
:1076600003F3890024EA03048A402243425170BD97
:10767000431C04D00C3151F80C3C5A1C01D10020A1
:107680007047834201F10C01F5D1012070470000E1
:10769000431C2DE9F34106460F4600D1FEE7594B46
:1076A00000F00F02C0F3031001F0070853F8224066
:1076B000FFF7DEFBB8F1010F054615D194FAA4F3EC
:1076C000B3FA83F30321200E2A589B0001FA03F337
:1076D00022EA030294FAA4F3B3FA83F39B009940DD
:1076E00011432950012213E0C7F30620B8F1030F1C
:1076F0000AD801A353F828F00B770008E5760008B4
:107700006F7700087D770008FEE7FFF789FE082203
:107710002146284608F1FF38FFF77EFFB8F1010F38
:1077200006D817F0080218BF04222146FFF78AFF87
:1077300094FAA4F2230EB2FA82F2E9580F239200CF
:10774000934094FAA4F2B2FA82F2C7F301170B4005
:107750009200012F23FA02F312D0022F3BD0082B04
:1077600021D1042221462846FFF756FF1BE07F283F
:1077700001D10922CCE7FFF753FEFAE70022C7E761
:10778000042B04D1082221462846FFF745FF230A8F
:1077900093FAA3F3B3FA83F20123E968934021EA51
:1077A00014210B43EB60184B9A6942F001029A6175
:1077B0009B6903F001030193019BA6F10D03012BCB
:1077C00014D8124A536823F0E06343F08063536097
:1077D00002B0BDE8F081042B04D1082221462846DE
:1077E000FFF71AFFEB6823EA1423DBE70F2E02D022
:1077F000133E012EECD8054A536823F0E06343F0B2
:107800000073E4E780B2000800100240000001406D
:10781000431C06D17047834202D18968FFF738BF05
:107820000C310B685A1CF6D1FEE70B685A1C01D1CB
:1078300000207047834201D1486870470C31F4E75B
:10784000431C01D0FFF7F1BF002070474B6813B90C
:107850004FF0FF307047834201D1086870470C3108
:10786000F4E708B1FFF7F2BF4FF0FF30704703466F
:107870000868421C00D17047984201D1886870475F
:107880000C31F5E7431C01D0FFF7F1BF7047034609
:107890008B42084604D01BB100290CBF18460020BB
:1078A000704700000F4B1A6842F001021A605968D5
:1078B0000D4A0A405A601A6822F0847222F480321B
:1078C0001A601A6822F480221A605A6822F4FE02B2
:1078D0005A604FF41F029A604FF00822034B9A60DF
:1078E000704700BF001002400000FFF800ED00E00C
:1078F0000438704703681D4A84B093420BD11C4B77
:107900009A6942F400629A619B6903F400630093F0
:10791000009B04B07047B3F1804F0BD103F50433E3
:10792000DA6942F00102DA61DB6903F001030193D5
:10793000019BEEE70F4A93420AD10D4BDA6942F000
:107940000202DA61DB6903F002030293029BE0E7C3
:10795000094A9342DDD1064BDA6942F00402DA614A
:10796000DB6903F004030393039BD2E7002C01407F
:107970000010024000040040000800400368124A62
:10798000934206D102F56442936923F40063936144
:107990007047B3F1804F05D10C4AD36923F001033E
:1079A000D36170470A4A934205D102F50332D36985
:1079B00023F00203F4E7074A9342F2D102F50232C0
:1079C000D36923F00403EBE7002C014000100240D0
:1079D0000004004000080040431C10D00C4B9842AB
:1079E00010D007D8B0F1804F0ED0A3F58063984235
:1079F0000CD0FEE7074B9842FBD1192070476FF07F
:107A00000D0070471E2070471C2070471D207047D6
:107A100000080040002C0140431C10D00C4B984241
:107A200010D007D8B0F1804F0ED0A3F580639842F4
:107A30000CD0FEE7074B9842FBD11B2070476FF03C
:107A40000D0070471E2070471C2070471D20704796
:107A500000080040002C014038B50446FFF74AFFFB
:107A60000068FFF7B9FFD4E91212FBF7E7FB2068C3
:107A7000FFF7B2FFFBF712FC22681046FFF7CCFFBE
:107A800005461046FFF7A8FF85420BD0D4E9121235
:107A90002846FBF7D3FB2068FFF7BEFFBDE8384060
:107AA000FBF7FCBB38BD00002DE9F04F87B09846CE
:107AB000109B04468A46406D664991460193FFF744
:107AC000BFFE65498346A06DFFF7BAFE63490646CF
:107AD000E06DFFF7B5FE62490546206EFFF7B0FE88
:107AE0000746BBF1000F00F0B180A26D013202D059
:107AF000002E00F0AB80E26D013202D0002D00F0CC
:107B0000A580226E013202D0002F00F09F80314606
:107B10005846FFF7BCFE0346206020B90146FFF738
:107B2000B6FE0346206029461846FFF7B0FE3946E8
:107B30002060FFF7ACFE2060002800F08780494BF2
:107B400098424CD103F55843DA6842F48042DA6037
:107B5000DA6822F48042DA609A6942F480429A61DB
:107B60009B6903F480430393039B2523A4F86430AB
:107B70003849606DFFF74CFE1EB13749A06DFFF725
:107B800047FE2DB13549E06DFFF742FE4FF4807599
:107B90002FB13349206E45F40075FFF739FE94F894
:107BA0006520314B271D43F8227023680022C4E969
:107BB000013A019B94F96400C4E904380C230121C3
:107BC000C4E90635C4F80C902262FBF737FB38464F
:107BD000002E36D107B0BDE8F04FFEF7ADB8234B0D
:107BE000984215D103F5E6331A6942F400321A615E
:107BF0001A6922F400321A61DA6942F40032DA6159
:107C0000DB6903F400330493049B4FF49373ADE7F3
:107C1000174B9842ACD103F5E4331A6942F4802241
:107C20001A611A6922F480221A61DA6942F4802208
:107C3000DA61DB6903F480230593059B40F2272377
:107C400094E707B0BDE8F04FFEF747B807B0BDE8CE
:107C5000F08F00BF18B40008DCB30008A0B3000820
:107C600064B30008003801406C0600200044004066
:107C70000048004010B4019C18B1019410BCFFF7FB
:107C800013BF10BC7047000008B5074B90F8652083
:107C900053F82200FEF77AFA00F02200A0F1220346
:107CA0005842584108BD00BF6C06002008B5074B7C
:107CB00090F8652053F82200FEF768FA00F02100E2
:107CC000A0F121035842584108BD00BF6C060020B6
:107CD00070B50E46054610B94FF0FF3070BDFFF786
:107CE000D3FF04460028F7D1294611F8663F012248
:107CF000337095F86500034B53F82000FEF765FAE2
:107D00002046EBE76C06002038B50D460446B8B1B6
:107D1000FFF7BAFFA0B994F96400E564FBF7CCFA69
:107D200094F86500074B04F1660153F82000012226
:107D3000FEF74BFA94F96400BDE83840FBF7AEBAA1
:107D400038BD00BF6C06002038B515460446B8B1F2
:107D5000016590F96400FBF7AFFAB4F87630E16E94
:107D60009BB294F865001944064BAAB253F8200060
:107D7000FEF715F894F96400BDE83840FBF78EBAB9
:107D800038BD00BF6C06002048B1836D013306D1B9
:107D900090F86520024B53F82200FEF7C7B97047F0
:107DA0006C06002048B1836D013306D190F8652040
:107DB000024B53F82200FEF7D1B970476C06002041
:107DC000836C04381847C36C0438184730B5044630
:107DD00050F8043985B01D6815F0010512D0002255
:107DE00000921A6800925B680093009BFFF74CFFBB
:107DF00040BB0122204604F1620105B0BDE83040DD
:107E0000FEF7E3B9196811F0020106D001951A686E
:107E100001925B680193019BE8E71A6812F0040283
:107E200006D002911A6802925B680293029BDDE71A
:107E300019680907DAD503921A6803925B680393FD
:107E4000039BD3E705B030BD08B52520FBF75AFAF0
:107E5000024B1868BDE80840FEF71EB86C0600200B
:107E6000262008B5FBF74EFA034B586818B1BDE859
:107E70000840FEF711B808BD6C060020272008B5A1
:107E8000FBF740FA034B986818B1BDE80840FEF7CD
:107E900003B808BD6C06002003460A4910B50868FF
:107EA0000344EFF30882934205D90C224FF0FF30D0
:107EB000054B1A6010BD054A054C121B9342F4D2C3
:107EC0000B60F7E734000020201400200050002051
:107ED00000040000FEE700001622024B4FF0FF30C6
:107EE0001A607047201400200120704707B503680E
:107EF0008DF8071001225B680DF10701984703B068
:107F00005DF804FB014800F0AFB800BF7409002021
:107F1000F8B50E4617461546ADB100F065FD90B1B7
:107F20000A4800F0A1F8A84228BF284604460028C5
:107F3000F3D031462246054800F0B7F82D1B264401
:107F400000F06EFDE8E7781BF8BD00BF7409002063
:107F5000014800F04CB900BFAE08002010B504483D
:107F600000F06EF9044600F091FD204610BD00BF00
:107F7000AE0800202DE9F04106460F46154694B2A2
:107F800002F0ACFAF060224639460B4800F0B5F931
:107F90008046A4EB0804A4B200F078FD47443CB14D
:107FA00002F09CFAF368C01AB3689842EBD32D1B19
:107FB0002846BDE8F08100BFAE0800202DE9FF474C
:107FC0000646884617461C469DB202F087FA0DF118
:107FD0000E09F0602B463A4641460F48CDF8009016
:107FE00000F0D1F9824600F051FDBDF80E30ED1AD7
:107FF000ADB21F44BAF1000F04D0641B204604B098
:10800000BDE8F087002DF9D002F068FAF368C01AD5
:10801000B3689842DED3F0E7AE080020014800F0D4
:1080200046B900BFAE08002008B5034800F02CF8A0
:108030000028FADC08BD00BF7409002000F0B0BCC5
:108040004FF47A720021034BC3E90112024A1A600D
:10805000704700BF78060020E0B200080023A0F8B7
:108060008230A0F880307047B0F88230B0F88020BD
:108070009BB292B2981A7F30434203F07F0300F024
:108080007F0058BF58427047B0F88030B0F8822067
:108090009BB292B203F18000801A434203F07F0347
:1080A00000F07F0058BF58427047F8B5B0F88060C4
:1080B0000446B6B2B0F88000C6F1800696420F467C
:1080C000154680B20AD9204402F0BAFBB4F88030D9
:1080D0001D4405F07F05A4F88050F8BD32462044C9
:1080E00002F0AEFB2046AA1BB919EDE7B0F88020DC
:1080F000B0F8823092B29BB29A422BBFB0F8803077
:10810000B0F88230B0F88220C3F1800328BF9B1AF8
:108110009BB20B80A0F88430B0F882309BB2184438
:108120007047B0F88220B0F88430134403F07F0326
:10813000A0F8823070470023A0F8C230A0F8C03009
:10814000C023A0F8C4307047B0F8C23082B09BB2F0
:10815000ADF80630B0F8C010BDF8063089B29BB259
:108160009942B0F8C03002469BB21ED37F2B08D98B
:10817000B0F8C0309BB2802B09D1BDF806309BB25D
:108180002BB1B2F8C0309BB2D01802B07047BDF826
:10819000063000209BB2402BF7D9B2F8C0309BB21A
:1081A000A2F8C430A2F8C000EBE7BDF806104033D7
:1081B00089B28B42E5D30020E7E7B0F8C03019441C
:1081C00089B2A0F8C010B0F8C020B0F8C43092B2A4
:1081D0009BB29A4224BFC023A0F8C430B0F8C0308C
:1081E0009BB2BF2B84BF0023A0F8C0307047B0F80B
:1081F000C03082B09BB2ADF80430B0F8C430024653
:108200009BB2ADF80630B0F8C210BDF8043089B2A8
:108210009BB2994208D8BDF80430B0F8C2209BB296
:1082200092B2981A02B07047BDF80600BDF804106B
:10823000B2F8C23080B289B29BB20844C01AF1E7EA
:10824000B0F8C02082B092B2ADF80420B0F8C420DB
:10825000034692B2ADF80620B0F8C210BDF8062071
:1082600089B292B2914204BF0022A0F8C220B0F8B5
:10827000C210BDF8042089B292B2914214D0B0F875
:10828000C22092B2511C89B2A0F8C210B3F8C21039
:10829000805CBDF8062089B292B2914202D30022DE
:1082A000A3F8C22002B070474FF0FF30FAE7B0F8F1
:1082B000C03082B09BB2ADF80430B0F8C4309BB28D
:1082C000ADF80630B0F8C220BDF8063092B29BB2CD
:1082D0009A4224BF0023A0F8C230B0F8C220BDF8F3
:1082E000043092B29BB29A420FBF4FF0FF30B0F809
:1082F000C2309BB2C05C02B0704737B50446B4F8D8
:10830000C03008469BB2ADF80430B4F8C4309BB21C
:10831000ADF80630B4F8C210BDF8063089B29BB291
:10832000994224BF0023A4F8C230B4F8C210BDF8AB
:10833000043089B29BB2994294BFBDF80450BDF895
:108340000650B4F8C230B4F8C210ED1AADB295427E
:1083500028BF154689B22A46214402F071FAB4F8C2
:10836000C23028462B449BB2A4F8C230B4F8C220D5
:10837000BDF8063092B29BB29A4224BF0023A4F803
:10838000C23003B030BDF7B51C46B0F8C030089D10
:108390009BB2ADF80430B0F8C4309BB2ADF80630F3
:1083A000B0F8C260BDF80630B6B29BB29E4224BFA0
:1083B0000023A0F8C230B0F8C260BDF80430B6B2F5
:1083C0009BB29E4294BFBDF80430BDF80630B0F8B1
:1083D000C2609B1B9BB2A34228BF23460024B0F877
:1083E000C260B6B20644A7B2BB4210D82B80B0F828
:1083F000C22013449BB2A0F8C230B0F8C220BDF82E
:10840000063092B29BB29A4220D2002018E016F8B1
:1084100004C08C4516D1B0F8C2309BB201333B4446
:108420009BB2A0F8C230B0F8C220BDF8063092B2BC
:108430009BB29A4224BF0023A0F8C23001202F80B3
:1084400003B0F0BD02F804C00134CCE70023A0F86B
:10845000C230DAE7D0F8D43210B500EB8300D0F8A0
:10846000C0428CB1D0F8C4321BB194F80002FF288E
:1084700001D1002010BD9B68214694F80122984745
:10848000FF2384F80032F4E70320F3E70A23038094
:10849000004870473C01002070B5832106460F4814
:1084A00000F084FC012105460C4800F07FFC82218D
:1084B00004460A4800F07AFC0DB11022AA711CB1E2
:1084C000402222710022627118B140220271002202
:1084D000427143230148338070BD00BF3800002043
:1084E00070B5832106460F4800F060FC0121054667
:1084F0000C4800F05BFC822104460A4800F056FC60
:108500000DB11022AA711CB14022227100226271A9
:1085100018B1402202710022427143230148338086
:1085200070BD00BF7C00002070B5832106460F4857
:1085300000F03CFC012105460C4800F037FC82218C
:1085400004460A4800F032FC0DB11022AA711CB199
:10855000002222710222627118B1002202710222ED
:10856000427143230148338070BD00BFC00000202A
:1085700038B5D0F8D4320446B03350F823508DB11A
:1085800001F014F8D4F8D432C5F80C0204EB8304DB
:10859000D4F8C432D5F80402DB6805F503719847B6
:1085A000002038BD0320FCE7F8B5D0F8D4620A46B5
:1085B00000EB8606D6F8C05235B3142701F00F0C35
:1085C00007FB0C07BB698BB14FF0280ED0F8C842EF
:1085D0000EFB0C44246AB3FBF4FC04FB1C332BB9E4
:1085E0001A46BB6100F0D4FF0020F8BD0023C5F897
:1085F0001432D6F8C4321B69002BF5D0D5F8080226
:1086000005F504719847EFE70320EEE7F7B5002280
:10861000D0F8D432044600EB8303D3F8C0620D4691
:108620008DF80520ADF80620002E65D091F800C029
:108630001CF0600229D0202A5AD1CA884F78F2B1A2
:108640001CF0800F0ED0D3F8C432314638469B68F8
:108650009847EA883146072A28BF0722204600F0BB
:1086600030FE09E0402A28BF4022314686F80072D9
:1086700086F8012200F03AFE002003B0F0BDD3F8E6
:10868000C43238469B689847F6E74B780B2B2FD8B7
:1086900001A252F823F000BFC986000879860008BD
:1086A000F1860008F1860008F1860008F1860008CE
:1086B000F1860008F1860008F1860008F1860008BE
:1086C000D9860008E986000890F89C32032B0FD168
:1086D00002220DF10601C1E790F89C32032B07D16D
:1086E00001220DF10501B9E790F89C32032BC3D0AC
:1086F0002946204600F0B8FD0320BEE738B5044601
:108700000025822100F017FF01212046A4F84C50DB
:1087100000F011FF83212046A4F8785100F00BFFF0
:10872000D4F8D432256604EB8303D3F8C02252B1C7
:10873000D3F8C4325B689847D4F8D432B03344F8E5
:108740002350C4F8BC52002038BD0000F8B50446E0
:108750002C4D4FF407720021284602F01CF8D4F883
:10876000D432B03344F82350237CC4F8BC52CBBB82
:108770004FF4007382210222204600F0D2FE012134
:108780004FF40073A4F84C100222204600F0C9FEFA
:1087900001261023002703228321A4F862302046FB
:1087A0000823A4F8786100F0BCFED4F8D432A4F811
:1087B000606004EB8303D3F8C432C5F804721B680D
:1087C0009847D5F80422C5F81472C5F81872B2B1EA
:1087D000237C93B94FF400733146204600F0DFFE4E
:1087E0000020F8BD402382210222204600F099FE9D
:1087F00001214023A4F84C10C6E74023ECE70220F7
:10880000EFE700BF8806002039B1D0F8D43200EB82
:108810008300C0F8C4120020704703207047D0F8CE
:10882000D432B03350F823302BB10020C3F80812F3
:10883000C3F81022704703207047D0F8D432B03309
:1088400050F823301BB10020C3F8041270470320F6
:108850007047D0F8D43210B5B03350F823207AB135
:10886000D2F8144201236CB9C2F81432D2F8103293
:108870008221D2F80822036400F08AFE204610BD4F
:108880000320FCE71846FAE7D0F8D42208B5B03246
:1088900050F8222062B1037CD2F8042233B94FF49D
:1088A0000073012100F07BFE002008BD4023F8E7A3
:1088B0000320FAE7D0F8D42208B5B03250F82230BD
:1088C00033B1002301211A4600F069FE002008BDE3
:1088D0000320FCE70020704721280ED022281DD05D
:1088E000202808D10A681A4B1A600A791A714A7945
:1088F0005A718A799A7100207047154B1A680A706C
:108900001A68120A4A705A888A70DA78CA701A7914
:108910000A715A794A719B798B71ECE70D4A4B8841
:1089200012780D49002A14BF1A46012202F00102F2
:108930000A700A7812B10021084A1160084AC3F38C
:1089400040031370074A137801331370D3E700BF55
:108950004801002065010020AD080020A808002083
:10896000AC080020A408002008B50948FFF776FBF2
:108970000848FFF7E0FB0122074B06481A70FFF793
:10898000E3FB01460548FFF758FF002008BD00BF84
:1089900074090020AE08002064010020FC090020BA
:1089A00010B50C4C22789AB90B490C4800F0ACF881
:1089B00070B90B49094800F0BAF848B909490748A5
:1089C000FFF722FF20B9054800F0CAF80123237001
:1089D00010BD00BFFA09002098010020FC0900200A
:1089E00004010020500100200A4B10B51C6814B18E
:1089F000FAF7B8F8041B084B93F89C32032B07D105
:108A0000022C05D8054B1878C0B200F0010010BD4B
:108A10000020FAE7A8080020FC090020AD0800208B
:108A200037B50F4CD4F8BC32D3F81432ABB90D487B
:108A30000DF10601FFF75AFBBDF80630054663B19C
:108A4000FAF790F8084B29461860BDF80620204632
:108A5000FFF7E5FE2046FFF7FCFE03B030BD00BF88
:108A6000FC09002074090020A808002010B500248B
:108A7000044B05481C60FFF754FBFFF7D1FF20466D
:108A800010BD00BFA80800207409002038B50A4DA9
:108A90002B780BB1002038BD0848FFF755FB014685
:108AA0000028F7D0012406482C70FFF7C6FE0448C2
:108AB000FFF7EAFE2046EEE764010020AE08002042
:108AC000FC09002038B50C4D0C462B78032B03D93C
:108AD000FEF744FB00232B7021880848FFF76DFB4D
:108AE0000022074B1A70FFF7D1FF10B90548FFF7B6
:108AF000E1FE002038BD00BFA4080020AE08002021
:108B000064010020FC09002078B10023C0F8B832CD
:108B1000C0F8C432C0F8D03209B1C0F8B412012391
:108B2000027080F89C3200F0C9BC0320704700231B
:108B300013B50446ADF8063081B1CB6AC0F8B8125F
:108B400023B10DF106009847C4F8D0020020D4F8F4
:108B5000D8320133C4F8D83202B010BD0320FBE78D
:108B600000F0D8BCD0F8B8320BB11B6818471846D3
:108B7000704708B5D0F8B8325B689847002818BF2E
:108B8000032008BD38B500F2AA250446284600F0A7
:108B900060FB012394F8AA12C4F89432B4F8B032FE
:108BA000C4F8983201F01F03012B08D0022B0CD01F
:108BB0008BB929462046BDE8384000F015B9294652
:108BC0002046BDE8384000F073BA29462046BDE88B
:108BD000384000F09CBA2046BDE8384001F08001E2
:108BE00000F0B0BC70B50446164609BBD0F894320C
:108BF000032B0CD1D0E9573293420AD99B1A9A42DF
:108C000028BF1A463146C0F85C3100F07CFB0020DA
:108C100070BD90F89C32032B06D1D0F8B8321B6996
:108C200013B1C0F8D4129847204600F074FBEEE769
:108C300090F89C32032BEAD1D0F8B8329B69002B14
:108C4000E5D0BDE870400022C0F8D422184770B5C6
:108C5000044616460D4600293DD1D0F89432022B29
:108C60000ED1D0E90732934212D99A1A3146C26125
:108C700000F034FB2B462A462946204600F08FFCA4
:108C800094F8A03213B1002384F8A032002070BD04
:108C90000CD18269934209D8D0F898329A4205D211
:108CA0000A4600F01BFBC4F89852E3E794F89C32A4
:108CB000032B08D1D4F8B832DB6823B10022204658
:108CC000C4F8D42298478021204600F03BFC20467F
:108CD00000F02CFBD4E790F89C32032BD6D1D0F8CF
:108CE000B8325B69002BD1D0BDE870400022C0F8DB
:108CF000D4221847F8B50123002180F89C32D0F81F
:108D0000B8320446C0F894124160C0F8A41280F84A
:108D1000A012B3B9002600224025012711464023A6
:108D2000204600F0FEFB2B46002280212046A4F8BE
:108D30006471C4F8605100F0F4FB3046A7842562EA
:108D4000F8BD5B68002BE5D098470028E2D00326E9
:108D5000E1E701740020704790F89C32042B1EBF9D
:108D600090F89C32DBB280F89D32042380F89C326C
:108D70000020704790F89C32042B02BF90F89D327F
:108D8000DBB280F89C320020704708B590F89C2236
:108D9000032A05D1D0F8B83213B1DB6903B1984783
:108DA000002008BD002070470020704710B54288A1
:108DB00003789A420AD904782044234444789BB229
:108DC000052CF6D184788C42F3D110BD0020FCE74D
:108DD00010B50446802100F0B5FB2046BDE81040E8
:108DE000002100F0AFBB000073B50B78044603F020
:108DF0006003202B0D4609D0402B07D093B12046AD
:108E0000FFF7E6FF0025284602B070BD2946204640
:108E1000D4F8D432AE3354F823309B6802B0BDE8A6
:108E2000704018474B78092BE9D801A252F823F07B
:108E30004F90000893900008FF8D0008779000087D
:108E4000FF8D0008498F0008598E0008FF8D00082B
:108E5000239000088B8F000800234988ADF8063066
:108E60000B0A013B062BCAD801A252F823F000BF1F
:108E70008D8E0008BF8E0008D98E0008FF8D000877
:108E8000FF8D00081B8F0008318F0008D0F8B43226
:108E90001B68207C0DF106019847EA88002A00F043
:108EA000A380BDF80630002BA9D09A4228BF1A46ED
:108EB0000146ADF80620204600F003FAA2E7027C46
:108EC000D0F8B83232B99B6A0DF1060098470223F8
:108ED0004370E2E7DB6AF7E7C9B2D0F8B43205299C
:108EE00012D8DFE801F00307090B0D0F5B68002BB8
:108EF000CFD184E79B68FAE7DB68F8E71B69F6E700
:108F00005B69F4E79B69F2E7DB69002B3FF477AF1D
:108F10000DF10602007C9847BFE7037C002B7FF42D
:108F20006EAFD0F8B8320DF106005B6B9847B4E72E
:108F3000037C002B7FF463AFD0F8B8320DF106004C
:108F40001B6B98470723C3E78B88002B7FF457AF31
:108F5000CB88002B7FF453AF4D887F2D3FF64FAF6A
:108F600090F89C32032B3FF44AAFEDB2294680F8CB
:108F70009E5200F006FB204600F0CDF91DB1022301
:108F800084F89C323EE70123FAE78978474D0129AE
:108F9000297003D9FFF71CFF032534E790F89C32B2
:108FA000022BDEB208D0032E17D0FFF711FF2046A8
:108FB0002978FFF7DEFDEFE7B1B101214160FFF74E
:108FC000D1FD0546204625B1FFF702FF84F89C62DB
:108FD00019E700F0A0F90323D2E749B90223416061
:108FE00080F89C32FFF7C5FD204600F094F909E7B0
:108FF00041680129F8D0C9B2FFF7BBFD29782046A6
:109000006160FFF7AFFD05460028EDD02046FFF771
:10901000DFFE20462179FFF7ACFD022384F89C3265
:10902000F1E6CA88012A7FF4EAAE90F89C12022980
:10903000CBB207D8002B3FF4E2AE0146002341F843
:10904000083F38E7032B7FF4DAAE011D33E790F8D1
:109050009C32013B022B3FF6D2AECA88022A7FF433
:10906000CEAED0F8A4320146002B0CBF012303235F
:1090700041F80C3F1FE74B88012B02D1C4F8A43202
:10908000B2E7022B7FF4BBAE8B881B0A80F8A032BC
:10909000AAE790F89C32013B022B3FF6B0AE4B881A
:1090A000012B7FF4AFAE0023E8E700BFD80C00200F
:1090B00070B50B78044603F060025B060E4601D5DE
:1090C000402A1FD194F89C32013B022B1AD83179E7
:1090D0002046022917D8FFF765FE88B9D4F8B832C0
:1090E0009B686BB1C4F8D4023146204698470546C8
:1090F000F3881BB915B9204600F00DF9284670BD5C
:109100000325F5E72046FFF763FE0025F6E770B577
:109110000B78044603F06003202B0E468A880D79F5
:1091200057D0402B55D01BB12046FFF751FE3CE0F5
:109130004B78012B3BD0032B24D0002BF4D190F89B
:109140009C32022BD9B260D00329EDD112F0800FEE
:109150004FF0140205F00F0302FB030366D09B8C53
:10916000002BE1D0142605F07F0303FB0666802D5B
:10917000064467D02946204600F0F2F9002866D060
:10918000012360E090F89C32022BDAB233D0032A3C
:10919000CAD14B8833B9690604D0F38813B929467C
:1091A00000F0D0F9204600F0B6F8002070BD90F82D
:1091B0009C32022BDAB21ED0032AB5D14B88002B89
:1091C000F3D16B0602D0294600F0C3F9204600F027
:1091D000A2F829462046FFF7E7FD0028E5D1D4F89C
:1091E000B832C4F8D4029B68002BDED0314620464A
:1091F000BDE8704018476A0696D0294600F0A2F9EB
:109200008021204600F09EF9CFE769068CD1130635
:109210004FF000034FF002024CBF00F1140100F5C3
:10922000AA710B60204600F04CF8BEE7B3F8643139
:10923000002B3FF479AF142606FB050606F5AA7647
:10924000002D97D10023336002223146EAE73060D7
:10925000FAE70B7803704B7843704B8843808B8818
:109260008380CB88C380704710B50446802100F00E
:1092700069F92046BDE81040002100F063B970B5DF
:109280000D4616460446A0B1F7F742FBC0B20130C6
:1092900080284FEA40038CBF4FF480739BB2338029
:1092A0002B70032300216B700223013C14F8012F63
:1092B00002B970BDEA545A1CD2B20233A954DBB2CF
:1092C000F4E71346022210B5C0E90633C0F8942231
:1092D0000A46002100F05CF9002010BD08B51346D5
:1092E0000A46002100F054F9002008BD134603226D
:1092F00010B5C0E95633C0F894220A46002100F0A8
:109300004EF9002010BD08B513460A46002100F0B2
:1093100046F9002008BD08B504220023C0F89422B5
:1093200019461A4600F034F9002008BD08B5052298
:109330000023C0F8942219461A4600F030F90020A4
:1093400008BD000037B5244B026804469A4240D15C
:10935000224D03E0A968FEF79BF90C352868431CF1
:10936000F8D11F4B0121DA69132042F40002DA61BF
:10937000DB69002203F400030193019BF9F75EFF10
:109380001320F9F78BFF002201211420F9F756FF73
:109390001420F9F783FFA37A012B1AD14FF480220E
:1093A000104B2A205A61DA6822F48022DA609A6827
:1093B00042F480229A601A6842F480221A60F9F717
:1093C0006DFF00222A20114603B0BDE83040F9F7B6
:1093D00035BF03B030BD00BF005C004040B30008A3
:1093E000001002400004014000F52671D0F8D402BC
:1093F000FFF7C8BB282303FB0103D0F8D402D3F83E
:109400006421FFF7EFBB282303FB0103D0F8D4024C
:109410005A6AFFF71CBCD0F8D402FFF7B6BC10B5EF
:109420000446D0F8D402FFF765FCD4F8D402012139
:10943000BDE81040FFF78DBC10B50446D0F8D4024B
:10944000FFF78AFCA37A23B1024A136943F00603AB
:10945000136110BD00ED00E010B5837A044633B10E
:1094600000F03EF9054A136923F006031361D4F8AE
:10947000D402BDE81040FFF77DBC00BF00ED00E066
:109480000148FBF783B900BFDC0C0020FFF7F8BFF1
:1094900008B5074B9B7A33B1064A136923F00603DC
:1094A000136100F01DF94FF48022034B5A6108BD8F
:1094B000DC0C002000ED00E00004014070B5054622
:1094C00000F0F2F80423104C2371104BC4F8D4526E
:1094D00023600223E380A36000232046C5F8C8422E
:1094E0002373FBF7C4F800B1FEE70526084D6B684F
:1094F0002A8929882046FBF71AFF013E05F10C0551
:10950000F5D1304670BD00BFDC0C0020005C00408F
:1095100004B3000808B5D0F8C802FBF70BF9002027
:1095200008BD10B51446D0F8C8021A462346FBF70A
:1095300007FE002010BD08B5D0F8C802FBF730FECA
:10954000002008BD08B5D0F8C802FBF788FE00204F
:1095500008BD08B5D0F8C802FBF7B7FE002008BD6B
:10956000282211F0800FD0F8C8321BBF01F07F0114
:1095700002FB013302FB0133987C08BF93F85201D0
:10958000704708B5D0F8C802FBF7EDF8002008BD19
:1095900008B5D0F8C802FBF74AFE002008BD08B5A0
:1095A000D0F8C802FBF724FE002008BDD0F8C8029E
:1095B000FBF735BE122301480B8070478401002061
:1095C000042301480B807047800100200048704749
:1095D000B40F0020002370B51E464D1C040FB0F1DF
:1095E000204F34BF3034373401F8134005F813608E
:1095F0000133DCB2A2424FEA0010EFD870BD000088
:109600001A2310B50B800A4BD3F8E807D3F8F027DC
:1096100080180AD0D3F8EC4706490822FFF7DAFF92
:10962000042220461031FFF7D5FF034810BD00BFCC
:1096300000F0FF1F680100206601002008B50A46FF
:1096400002480349FFF71BFE014808BDCFB00008E0
:10965000B41000200A4608B5044920B90448FFF7B1
:109660000EFE024808BD0348F9E700BFB410002011
:10967000E2B0000801B1000808B50A4602480349F3
:10968000FFF7FDFD014808BD20B10008B41000201F
:1096900008B50A4602480349FFF7F1FD014808BD35
:1096A0003BB10008B410002008B501210C20FDF7E3
:1096B000EFFF084B0A201A68074B1B6BC3F30F23FD
:1096C000536100F00DFFBDE8084000210C20FDF7BC
:1096D000DFBF00BF1000002080B20008FFF760B9B4
:1096E00008B5FDF783FDBDE8084000F033B8000081
:1096F0001148854672B6BFF34F8FBFF36F8F71B6B7
:10970000002103E00D4B5B58435004310C480D4BD6
:1097100042189A42F6D30C4A02E0002342F8043B76
:109720000A4B9A42F9D3FEF7BDF862B661B601F072
:1097300059F800F057FD704700500020CCB80008E1
:109740000000002010020020100200202814002039
:10975000FEE700BE10B594B0142200210CA801F061
:109760001AF8142200210DEB020001F014F8102267
:10977000002101A801F00FF802244FF480330122E8
:10978000CDE91143CDE90A234FF4E0130AA80E9264
:109790001393FBF7EDFD00B1FEE70F23CDE9053490
:1097A0004FF480630790CDE90830214605A8FBF708
:1097B000A1FF00B1FEE7122301934FF40043CDE96E
:1097C000033001A8FCF752F800B1FEE714B010BD59
:1097D000B0F80831B0F80421981A00F03F00704743
:1097E000B0F80831B0F804219BB293421ABFD0F808
:1097F000FC30985C4FF0FF30704790F80631B0F8BD
:109800000A01C0B2834227BFC3F13F03C018C01A88
:1098100000F1FF30704707B503688DF8071001228B
:109820005B680DF10701984703B05DF804FB13B5C1
:109830000DF107010446FEF74BFA88B9B4F874300D
:10984000B4F87020013303F03F03934208D0B4F81A
:1098500074209DF80700A16E92B28854A4F8743069
:1098600002B010BDB0F87610826F10B50A4402F055
:109870003F02A0F87620B0F87610B0F8722089B2D6
:109880008A421AD0B0F876404032A4B2B0F87610CE
:10989000121B544289B204F03F0402F03F02C1F1AE
:1098A000400158BF62428A4228BF0A460449826783
:1098B000FEF74AFA4FF0FF3010BD0020FCE700BF72
:1098C000659800082DE9F843036804469B688846BC
:1098D0001646984701232374D4F8EC30B4F8067187
:1098E00001338146C7F1400709D194F8103133B1F3
:1098F000002304F1940084F81031FEF745FA236840
:1099000020469B6898470028F9D03546BD4225D8A7
:109910004D4523D8B4F80631D4F800015A19402A2D
:10992000184430D82A46414600F08AFF2F46B4F842
:1099300006311D4405F03F05A4F8065104F19405D5
:109940002846FEF7B3F930B93A4628461549C4F817
:109950000C71FEF7F9F93046BDE8F8834F4528BF92
:109960004F4623683A4641465B682046984723683D
:1099700020469B689847ED1BB844B4F806718146B1
:10998000C7F14007C2E7C3F140073A46414600F03D
:1099900057FFD4F80001EA1B08EB070100F050FF65
:1099A000C5E700BF65980008C0F8F030009B914201
:1099B00008BF4FF0FF31C0F8F43000F11103C0F8D8
:1099C000FC300023C0E93A2100F15102A0F808312F
:1099D000C0E94023A0F80A3170470000F7B54FF402
:1099E0007A7316460022C0E90123174B174F036014
:1099F0004FF0FF33C0F8EC300D4604461449F86AC6
:109A0000FDF71EFF854213D1BB6AC4F8EC30FA6A39
:109A10004FF0FF33012E08BFC4F8EC30009320460E
:109A20004FF0FF33D4F8EC10FFF7BEFF03B0F0BDEA
:109A300008492846FDF715FF0549C4F8EC002846FB
:109A4000FDF70FFF0246E3E778B80008DCB700082F
:109A500018B40008DCB30008037C70B504460D465A
:109A6000A3B1F9F77FF80646B4F80621B4F80A3135
:109A70009BB29A420AD0002DF8D0F9F773F8801BF8
:109A80008542F1D8B4F80A31A4F8063170BD00213E
:109A9000FFF7E2BFD0F8EC3010B5013304460ED129
:109AA0000368DB68984794F8103143B9012304F147
:109AB000940084F81031BDE81040FEF773B910BD72
:109AC00073B5144602F00703023BDBB2042B80F8A7
:109AD000112196BF1A4A0022D25C04F03003302BC9
:109AE0000546C0F8141107D14FF4C0630132082AAB
:109AF00009D0092A1BD0FEE714F020031CD04FF434
:109B000080630132F3E70022C4F3C00405F1940638
:109B1000640330460094FEF7ADF82846FFF7BAFF1D
:109B20003046084902B0BDE87040FEF7EDB84FF48A
:109B30008052E9E71A46E7E7082AFBD0DBE700BFD7
:109B400068B800082F98000810B50446FFF7A2FF78
:109B5000B4F80821B4F8043192B29A4217BFD4F88D
:109B6000FC204FF0FF30D05C01331CBF03F03F03FB
:109B7000A4F8043110BD0000002202490248FFF79A
:109B80002DBF00BF00380140B41100202DE9F04185
:109B900006460D460C468F18BC4202D1601BBDE83C
:109BA000F081A046336830461B6818F8011B9847BF
:109BB0000028F3D04446EFE770B505460C4608464A
:109BC00049B1F6F7A5FE2B68024621462846BDE8B6
:109BD00070405B68184770BD03688A685B680968F5
:109BE000184708B5FFF7E8FF08BD03681B6818476A
:109BF00008B50249FFF7E0FF08BD00BFCAAF000883
:109C000038B50546FFF7D8FF04462846FFF7F0FFB2
:109C1000204438BD38B50546FFF7DEFF0446284628
:109C2000FFF7E6FF204438BDFFF7EABF0023012A13
:109C300098BF0A2230B58BB00C468DF8243009A9A4
:109C40002546B4FBF2F404FB1253DBB2092B94BF9C
:109C500030333733DBB2AA4201F8013DF0D9FFF7C8
:109C6000ABFF0BB030BD2DE9F04107460E46144660
:109C70002AB9BDE8F0410368C9B21B6818470A2A2F
:109C800005D1002905DBBDE8F041FFF7CFBFD2B217
:109C9000F9E72D21FFF7A9FF224605467142384614
:109CA000FFF7C4FF2844BDE8F081FFF7DCBF10B523
:109CB000044600F013FCE060236820465B69984787
:109CC000002808DA00F00AFCE368C01AA36898428A
:109CD000F2D34FF0FF3010BDF8B507460D460C46E5
:109CE0008E18B44201D1601BF8BD3846FFF7DFFF84
:109CF000431CF8D004F8010BF3E72DE9F0410746C7
:109D0000884616461D4673B100243846FFF7CFFF3C
:109D1000431C05D0404503D030550134A542F4D151
:109D20002046BDE8F0811C46FAE7000038B50D4634
:109D30000749044600F050F82846FFF7B8FF431CD7
:109D400001D1204638BDC1B2204600F0F7F8F3E754
:109D5000CCAF000810B50446006800F0F5FB2046C3
:109D600010BD10B50446006808B100F0EDFB0023FB
:109D7000C4E90133236010BD38B504460D460068C0
:109D8000013100F097FC10B1C4E90005012038BD95
:109D9000036810B5044613B143688B4207D22046CE
:109DA000FFF7EAFF20B1A3680BB922681370012006
:109DB00010BD70B50E46114604461546FFF7E8FF84
:109DC00020B92046FFF7CDFF204670BD3146206800
:109DD000A56000F02DFDF7E738B5002304460D46D9
:109DE000C0E90033836039B10846F6F791FD294692
:109DF00002462046FFF7DDFF204638BD884210B5F9
:109E00000B46044604D0096821B19A68FFF7D1FFD8
:109E1000204610BDFFF7A5FFFAE7002310B5044662
:109E2000C0E900338360FFF7E9FF204610BD38B575
:109E300005460C4649B10846F6F76AFD214602463A
:109E40002846FFF7B6FF284638BDFFF78AFFFAE736
:109E500010B5002304468AB00846C4E90033A36065
:109E600001A900F085F9204601A9FFF7E0FF20468F
:109E70000AB010BD10B5002304468AB00846C4E9F4
:109E80000033A36001A900F0A3F9204601A9FFF760
:109E9000CEFF20460AB010BD10B5002304468AB09C
:109EA0000846C4E90033A36001A900F025F9204663
:109EB00001A9FFF7BCFF20460AB010BD002370B512
:109EC00015468CB00446C0E900338360961C0846F2
:109ED000F6F78AFE76B203AB324600932B4600F0CB
:109EE0005BF801462046FFF7A2FF20460CB070BD8C
:109EF00070B505460E4609B9002070BD6AB1836889
:109F0000D4182146FFF744FF0028F5D02868AB6835
:109F10003146184400F08CFCAC600120EDE738B508
:109F200005460C46084641B1F6F7F2FC21460246CA
:109F30002846BDE83840FFF7DBBF38BD002307B532
:109F400001228DF8041001A98DF80530FFF7D0FF2C
:109F500003B05DF804FB10B58A6809680446FFF792
:109F6000C7FF10B92046FFF7FCFE204610BD38B5EC
:109F700004460D4621B92046FFF7F3FE204638BDC2
:109F80000846F6F7C5FC294602462046FFF7B0FF13
:109F90000028F0D0F2E700002DE9F04F1446A7B0FA
:109FA0001F460022002380468946F7F7E7F8309DD8
:109FB000064618B109F10043994601264FF0000A00
:109FC00000204649574571DC02460B46404649464B
:109FD000F6F7ACFC02460B46CDE90223F7F71EF973
:109FE0008246002F6BD04FF0000B4FF00008DFF8D7
:109FF000F0904046494600223A4BF6F74DFE0BF1F1
:10A00000010B5F4580468946F3DC5046F6F7CAFDF2
:10A0100002460B46DDE90201F6F786FC42464B4656
:10A02000F6F73AFEF7F7D2F83B4652460090002E7C
:10A0300043D02D49284600F073FB8122002105A85A
:10A0400000F0A9FB002C2846B6BF0126002664427A
:10A05000F6F75EFCA04225D28022202105A800F060
:10A060009AFB2846F6F754FC241A04F198030DEBEA
:10A070000304002304F8843C56BB2846F6F748FC4A
:10A08000013000F059FA0446294600F0D1FB05A939
:10A09000284600F0CDFB2146284600F084FB2046F0
:10A0A00000F052FA284627B0BDE8F08F00220D4B91
:10A0B000F6F71CFF0AF1010A84E70C49BAE70246E9
:10A0C00026B10B49284600F02BFBB6E70949F9E712
:10A0D000284605A900F067FBE4E700BF0000E03F69
:10A0E0000000F03F0000244059B100085AB10008B8
:10A0F00064B1000865B10008F0B503468BB00846AE
:10A1000069B3911E222931D80A2A06D1002B04DA1C
:10A1100001265B4201AD29460EE00026FAE7B3FBBB
:10A12000F2F402FB14372346092FFCB294BF3034FB
:10A130005734E4B201F8014B002BF0D1A942EED024
:10A14000034616B12D2203F8012B0A465C1EAA42D3
:10A1500007D84A1B8D4288BF0022002199540BB0BA
:10A16000F0BD12F8016D04F8016FF0E70020F6E78A
:10A17000FFF7C2BF70B504468AB0084689B1931E86
:10A18000222B23D801AD29466CB9A9420BD00B462E
:10A19000421EAB4215D84B1B8D4288BF00230022C4
:10A1A000C2540AB070BDB4FBF2F302FB13461C4666
:10A1B000092EF3B294BF30335733DBB201F8013BC1
:10A1C000E2E713F8014D02F8014FE2E70020E8E76B
:10A1D000FFF7D0BF08B50320F9F71EF8BDE8084027
:10A1E00000F0A6B908B5AFF30080F7F717FEF7F750
:10A1F00033FD00F083F9FAE7C0F30312042A0346A3
:10A2000010B50ED80020084AD9B252F8044B8C423F
:10A2100003D103F4E063184310BD01302328F4D1C7
:10A22000FAE72320F8E700BFDCB700080246C0B217
:10A23000092810B517D8274902F4E06351F8201017
:10A240000B43C9B222291CD903F0C004C02C01D190
:10A25000C9291FD9CA2A39D0CB2A41F2020018BF16
:10A260004FF0FF3015E002F0C003C02BF2D1C92837
:10A27000F0D8184902F03F0451F8241002F4E063CA
:10A28000DEE7154803F4E06350F821001843431C4F
:10A29000E0D010BD0F4903F03F0351F823400E4BAF
:10A2A000092853F8243007D851F82010114301F43D
:10A2B000E06143EA0100EAE702F0C000C02802D1F1
:10A2C00002F03F00F0E74FF4E061F2E741F20100F5
:10A2D000DFE700BFB4B70008DCB7000891420FD039
:10A2E00008D90123891A8B40984208D30130C8400D
:10A2F0000138704720B10130521A9040F8E7002031
:10A300007047000010B5FFF791FF431C0AD0064CC0
:10A310002168FCF779FE054B21681A68BDE81040FA
:10A32000FFF7DCBF002010BDB8010020BC010020F9
:10A33000C3B2222B2DE9F0410D462AD8274A00F45A
:10A34000E06452F823301C43621C44D0244EC4F312
:10A35000031756F8273004F00F0823FA08F3DB0739
:10A3600010D520461F49FDF783F910B12046FCF7B0
:10A37000C9FE012256F8273002FA08F223EA020346
:10A3800046F82730052D15D8DFE805F015211B1DEF
:10A390001F2300F0C002C02A1DD1C92B1BD8124BAD
:10A3A00000F03F0253F822200C4B00F4E06453F815
:10A3B0002230C8E7FEE700212046BDE8F041FDF766
:10A3C00067B91021F8E72021F6E70321F4E701211E
:10A3D000F2E70921F0E7BDE8F08100BFDCB7000833
:10A3E000CC12002054B40008B4B70008C3B2222B2A
:10A3F0001BD8174A00F4E06052F823301843431C7E
:10A4000025D0C0F30313042B98BF124A00F00F00AD
:10A4100098BF52F82320104B88BF002253F82030F9
:10A42000C3F30F2391B11361704700F0C002C02A3B
:10A430000DD1C92B0BD8094B00F03F0253F8222055
:10A44000034B00F4E06053F82230D7E753617047C4
:10A45000DCB700081000002080B20008B4B7000884
:10A46000C3B2222B1CD8194A00F4E06052F8233002
:10A470001843431C25D0C0F30313042B23D8144ADC
:10A4800000F00F0052F82330124A9B6852F8202047
:10A49000D84300EA122080B2B0FA80F04009704739
:10A4A00000F0C002C02A0CD1C92B0AD80A4B00F018
:10A4B0003F0253F82220054B00F4E06053F82230AD
:10A4C000D6E70020704700239B68FFDEDCB700085A
:10A4D0001000002080B20008B4B70008FCF77ABE74
:10A4E00038B5044648B1FCF775FE054600F022F881
:10A4F000FCF770FE431BA342F8D338BD08B5084BE8
:10A500002BB10848FFF764F908B1AFF30080064BA0
:10A510002BB10648FDF71CFD08B1AFF3008008BD64
:10A5200000000000B41100200000000078060020A8
:10A53000FCF79CBE70470000024B0146186800F013
:10A540002DB800BFC0010020024B0146186800F082
:10A5500085B900BFC001002070B50F4E0C463168B0
:10A56000054611B900F02EF930602146284600F06A
:10A5700029F9431C03D14FF0FF34204670BDC41CA1
:10A5800024F00304A042F8D0211A284600F01AF95A
:10A590000130F2D1EFE700BFE01200202DE9F843CF
:10A5A000CD1C25F0030508350C2D38BF0C25002DDA
:10A5B000064601DBA94204D90C2333600020BDE824
:10A5C000F883DFF8D48000F069F8D8F800301C4632
:10A5D00044BB29463046FFF7BFFF431C044658D111
:10A5E000D8F800402746002F43D1002C4BD02368D9
:10A5F0003946304604EB030900F0E4F8814542D1C6
:10A60000216830466D1A2946FFF7A6FF01303AD07F
:10A6100023682B442360D8F800305A6862BBC8F81E
:10A6200000700FE02268521B20D40B2A17D9611941
:10A63000A342256018BF5960636808BFC8F80010BE
:10A6400062514B60304600F02FF804F10B00231DDF
:10A6500020F00700C21A1CBF1B1AA350AFE76268A4
:10A66000A3420CBFC8F800205A60EBE72346646899
:10A67000AEE73C467F68B6E71A465B68A342FBD16B
:10A6800000235360DEE70C233046336000F00CF803
:10A6900094E70560D6E700BFE4120020014800F00F
:10A6A000C5B800BF24140020014800F0C0B800BFA6
:10A6B00024140020024B0A460146186800F002B834
:10A6C000C00100202DE9F041074614460D4621B98E
:10A6D0001146BDE8F041FFF761BF2AB900F0BEF8AE
:10A6E00025462846BDE8F08100F000F98442064680
:10A6F00002D8B4EB500FF4D821463846FFF74EFF8E
:10A70000804608B94546ECE7B4422246294628BFB0
:10A71000324600F095F82946384600F09FF8F1E7F8
:10A720000EB46FF0004110B500249DB01FAB029035
:10A730000690079104910948094953F8042B0591A3
:10A74000006802A901931B9400F038F9029B1C7069
:10A750001DB0BDE8104003B0704700BFC00100202D
:10A760000802FFFF884210B501EB020402D98442BF
:10A77000234607D8431EA14207D011F8012B03F846
:10A78000012FF8E70244824200D110BD13F8011DE9
:10A7900002F8011DF7E703460244934200D17047D7
:10A7A00003F8011BF9E7024610B51478134601328D
:10A7B000002CFAD1013B11F8012B03F8012F002ADC
:10A7C000F9D110BD38B50023054D044608462B606D
:10A7D000FDF762FB431C02D12B6803B1236038BD37
:10A7E0002014002070B500260C4D0D4B5B1B9C10F7
:10A7F000A64209D1002600F0CDFB0A4D0A4B5B1B97
:10A800009C10A64205D170BD55F8043B984701360F
:10A81000EEE755F8043B98470136F2E7A4B8000884
:10A82000A4B80008A4B80008C0B800087047704772
:10A83000034611F8012B03F8012B002AF9D17047C8
:10A840000A44914200F1FF3300D1704710B511F86E
:10A85000014B914203F8014FF9D110BD38B50546BF
:10A86000002940D051F8043C0C1F002BB8BFE4185D
:10A87000FFF714FF1C4A136833B96360146028465D
:10A88000BDE83840FFF710BFA34208D9206821185F
:10A890008B4201BF19685B6809182160EDE71A4611
:10A8A0005B680BB1A342FAD911685018A0420BD1D2
:10A8B00020680144501883421160E0D118685B6839
:10A8C000084410605360DAE702D90C232B60D6E706
:10A8D000206821188B4201BF19685B680918216044
:10A8E00063605460CBE738BDE412002051F8043CAB
:10A8F000181F002BBCBF0B58C01870472DE9F0473C
:10A900001F468E688246BE420C469046334653D858
:10A91000B1F90C0010F4906F2BD0656923680969B8
:10A9200005EB4505A3EB010905EBD5757B1C6D1007
:10A930004B44AB422A4684BF1D462A46430527D5D1
:10A9400011465046FFF72AFE064658B34A4621698B
:10A95000FFF776FFA38923F4906343F08003A3817C
:10A9600026614E4426603B463E466561A5EB0905DF
:10A97000A5601F463A4641462068FFF7F3FE0020D7
:10A98000A3689B1BA36023683B442360BDE8F0875A
:10A990005046FFF797FE06460028E1D15046216950
:10A9A000FFF75CFF0C23CAF80030A3894FF0FF309B
:10A9B00043F04003A381E9E73E46DBE72DE9F04F92
:10A9C00098468B8907461B060D4614469DB010D548
:10A9D0000B6973B94021FFF7E1FD2860286130B9A8
:10A9E0000C233B604FF0FF301DB0BDE8F08F4023DB
:10A9F0006B610023099320238DF8293030234FF019
:10AA00000109CDF80C80DFF898818DF82A302346B3
:10AA10009A4613F8012B0AB1252AF9D1BAEB040B97
:10AA20000BD05B46224629463846FFF767FF0130C8
:10AA300000F0A780099A5A4409929AF80030002B36
:10AA400000F09F8000234FF0FF32CDE905230AF18B
:10AA5000010A049307938DF853301A935446052244
:10AA600014F8011B4E4800F037FA049AD8B9D00602
:10AA700044BF20238DF85330110744BF2B238DF89A
:10AA800053309AF800302A2B15D0544600204FF04E
:10AA90000A0C079A214611F8013B303B092B4BD990
:10AAA000B0B1079214E0A0EB080309FA03F31343D3
:10AAB000A2460493D2E7039B191D1B680391002B48
:10AAC000BBBF5B4242F0020207930793B8BF0492F8
:10AAD00023782E2B0AD163782A2B32D1039B0234A0
:10AAE0001A1D1B68039243EAE3730593DFF8B4A0D1
:10AAF00003225046217800F0EFF938B14022049B40
:10AB0000A0EB0A00824013430134049314F8011BA4
:10AB1000062225488DF8281000F0DEF9002836D0EE
:10AB2000224B1BBB039B073323F00703083303931C
:10AB3000099B334409936AE70C4601200CFB02325F
:10AB4000A8E700234FF00A0C19460134059320466C
:10AB500010F8012B303A092A03D9002BC6D00591F1
:10AB6000C4E7044601230CFB0121F0E703AB00938B
:10AB70002A4638460E4B04A9AFF30080421C064615
:10AB8000D6D1AB895B063FF52DAF09982CE703AB17
:10AB900000932A463846064B04A900F07DF8EDE7FD
:10ABA00069B100086FB1000873B10008000000002F
:10ABB000FDA800082DE9F047164698468A680B69FB
:10ABC00007469342B8BF1346336091F843200C46C2
:10ABD000DDF820900AB1013333602368990642BF43
:10ABE000336802333360256815F0060506D104F199
:10ABF000190AE36832689B1AAB422BDC94F84330A5
:10AC00002268003B18BF0123920630D441463846E3
:10AC100004F14302C847013023D02368226903F0BE
:10AC20000603042B14BF002533684FF0000608BF4D
:10AC3000E56804F11A0408BFED1A54F8123C08BF85
:10AC400025EAE5759342C4BF9B1AED18B5421AD1A7
:10AC5000002008E00123524641463846C8470130EB
:10AC600003D14FF0FF30BDE8F0870135C1E7302058
:10AC7000E11881F843005A1C94F84510224402332D
:10AC800082F84310C2E70123224641463846C847AE
:10AC90000130E6D00136D9E72DE9FF470F7E914616
:10ACA000782F80460C469A460C9E01F1430207D845
:10ACB000622F0AD8002F00F0D280582F00F0B78002
:10ACC00004F1420684F842703AE0A7F16303152BC1
:10ACD000F6D801A151F823F031AD000845AD0008C8
:10ACE000C1AC0008C1AC0008C1AC0008C1AC000890
:10ACF00045AD0008C1AC0008C1AC0008C1AC0008FB
:10AD0000C1AC000845AE00086FAD0008FBAD0008FF
:10AD1000C1AC0008C1AC000867AE0008C1AC0008B7
:10AD20006FAD0008C1AC0008C1AC000803AE00085C
:10AD300033681A1D1B68326004F1420684F8423001
:10AD400001239DE033682068191D3160060601D596
:10AD50001D6803E04506FBD5B3F90050002D03DA6A
:10AD60002D236D4284F843300A23594810E02168AE
:10AD70003368080653F8045B02D4490648BFADB2F5
:10AD80006F2F5348336059D10823002184F84310B2
:10AD90006668002EA66005DB21682E4321F00401C1
:10ADA00021604DD01646B5FBF3F103FB1157C75D8B
:10ADB00006F8017D2F46BB420D46F4D9082B0BD176
:10ADC0002368DF0708D5236961689942DEBF302315
:10ADD00006F8013C06F1FF36921B22614B462146E4
:10ADE0004046CDF800A003AAFFF7E4FE01304CD1A5
:10ADF0004FF0FF3004B0BDE8F087236843F0200334
:10AE000023607827334884F84570236831681F062B
:10AE100051F8045B02D45F0648BFADB23160D90778
:10AE200044BF43F0200323601DB11023ADE7284841
:10AE3000E9E7236823F020032360F6E70A23A4E769
:10AE40001646BBE733682568181D616930602E0619
:10AE50001B6801D5196002E06806FBD51980002344
:10AE600016462361BAE7336800211A1D32601E6856
:10AE70006268304600F030F808B1801B606063689B
:10AE80002361002384F84330A8E732464946404610
:10AE90002369D0470130ABD023689B0713D4E06807
:10AEA000039B9842B8BF1846A4E70123324649469F
:10AEB0004046D04701309BD00135E36803995B1AC7
:10AEC000AB42F2DCEBE7002504F11906F5E700BF21
:10AED0007AB100088BB10008034610B5C9B202442C
:10AEE0009342184601D1002003E0047801338C42DC
:10AEF000F6D110BD062008B500F02CF80120FCF7B3
:10AF0000E9FF1F2938B505460C4604D9162303600E
:10AF10004FF0FF3038BDC26B12B152F821304BB93F
:10AF2000284600F031F8224601462846BDE8384060
:10AF300000F018B8012B0AD0591C03D11623036066
:10AF40000120E7E70021204642F82410984700201E
:10AF5000E0E70000024B01461868FFF7D2BF00BFD0
:10AF6000C001002038B50023064D044608461146AE
:10AF70002B60FCF7B1FF431C02D12B6803B12360A7
:10AF800038BD00BF20140020FCF7AEBF08B5FFF7A6
:10AF9000B1FF0000F8B500BFF8BC08BC9E46704782
:0CAFA000F8B500BFF8BC08BC9E46704726
:10AFAC0000000000400000001400000054000000ED
:10AFBC004C434420434F4E4E4543544544000D0AE8
:10AFCC0000526573706F6E73653A200041542B43C9
:10AFDC004A4F494E4D4F44453D310041542B43445B
:10AFEC004556414444523D323630314234374500A7
:10AFFC0041542B434144523D300041542B43444176
:10B00C005441524154453D350041542B43434F4E1E
:10B01C004649524D3D310041542B43444556414421
:10B02C0044523F0041542B43415050534B45593FE0
:10B03C000041542B434E574B534B45593F00415401
:10B04C002B435341564500253032580041542B4474
:10B05C005452583D312C322C00646174615F726122
:10B06C0077203A20002C2061766572616765203A62
:10B07C0020002C206D6F74696F6E203A20002C20FC
:10B08C0070726F6365737352756E203A20002C20BA
:10B09C00424C564C203A20004C6F52612044617453
:10B0AC00612053656E7400496E697469616C697ACC
:10B0BC00696E67207472616E736D69747465722E3B
:10B0CC002E2E0053544D6963726F656C65637472F8
:10B0DC006F6E69637300424C554550494C4C5F464A
:10B0EC0031303343382043444320696E2048532089
:10B0FC004D6F646500424C554550494C4C5F463190
:10B10C00303343382043444320696E204653204D4E
:10B11C006F646500424C554550494C4C5F4631308C
:10B12C003343382043444320436F6E6669670042C3
:10B13C004C554550494C4C5F4631303343382043D5
:10B14C00444320496E74657266616365002D256CFD
:10B15C00642E25302A6C64002D256C6400232D3060
:10B16C002B2000686C4C0065666745464700303103
:10B17C003233343536373839414243444546003052
:10B18C003132333435363738396162636465660081
:10B19C009D389D3C3421A93CBEA4B53CB7C6C23CED
:10B1AC00608AD03CB8F2DE3C7202EE3CF0BBFD3C57
:10B1BC009C10073DF5990F3D9D7A183DF5B2213D48
:10B1CC001A432B3DE52A353DE7693F3D2F9F443D12
:10B1DC00E7693F3DE52A353D1A432B3DF5B2213D4C
:10B1EC009D7A183DF5990F3D9C10073DF0BBFD3C39
:10B1FC007202EE3CB8F2DE3C608AD03CB7C6C23C70
:10B20C00BEA4B53C3421A93C9D389D3C00000000F7
:10B21C000000000087210008C9210008591F000800
:10B22C00772200085D1F0008651F00087F1F0008BB
:10B23C00D99C0008FB9C00080000000000000000E6
:10B24C00212900088D9B0008591F00083D28000883
:10B25C00010202030405060708090A0B0C0D0E0F68
:10B26C001010010202030405060708090A0B0C0D55
:10B27C000E0F101001010000020200000404000077
:10B28C0008080000101000002020000040400000C2
:10B29C008080000001000104020002040400040488
:10B2AC000800080410001004200020044000400492
:10B2BC008000800400000000010203040000000074
:10B2CC00000000000102030406070809000000004A
:10B2DC0000000000ED7E0008117F0008057F0008CB
:10B2EC0029800008517F00085D7F00081D80000840
:10B2FC00757F0008BD7F00080000000020000000E2
:10B30C000000000080000000600000000000000051
:10B31C0001000000E000A00001000000820000001D
:10B32C002001000000000000830000002801000044
:10B33C00000000000B000000005C0040000000005A
:10B34C000C000000005C004000000000FFFFFFFF4D
:10B35C00000000000000000000000000004400405D
:10B36C00120000000B000000003801401200000029
:10B37C001D00000000480040120B00001D010000E1
:10B38C0000480040120A0000FFFFFFFF0000000011
:10B39C000000000001000000004400401208000002
:10B3AC000C00000000380140120000001E000000DC
:10B3BC0000480040120000001E0100000048004040
:10B3CC00120A0000FFFFFFFF000000000000000059
:10B3DC000300000000440040100800000A000000B8
:10B3EC000038014010060000170000000038014032
:10B3FC00100500001B000000004800401000000079
:10B40C00FFFFFFFF00000000000000000200000032
:10B41C000044004012080000090000000038014000
:10B42C001206000016000000003801401205000052
:10B43C001A0000000048004012000000FFFFFFFF50
:10B44C0000000000000000000000000000000040B0
:10B45C00128000000001000000000040129000006B
:10B46C000100000000000040121201000101000068
:10B47C00000000401210010002000000000000401B
:10B48C001292010002010000000000401291010024
:10B49C000300000000000040121202000301000033
:10B4AC0000000040121102000600000000040040E1
:10B4BC001295000007000000002C0140128D1000B6
:10B4CC0007010000000400401215010008000000F4
:10B4DC00002C0140128E000008010000002C0140DD
:10B4EC00128D000009000000002C0140120E01001A
:10B4FC0009010000002C0140120D01000A0000009F
:10B50C00002C0140128E01000A010000002C0140A9
:10B51C00128D01000B000000002C0140120E0200E5
:10B52C000B010000002C0140120D02000F00000066
:10B53C0000000040129100000F01000000000040CC
:10B54C00128F000010000000002C0140120D1100A1
:10B55C0010010000000400401295010010020000D0
:10B56C00000400401294010011000000002C014066
:10B57C00128D110011010000000400401215020090
:10B58C00110200000004004012140200130000001D
:10B59C0000000040121101001301000000000040E7
:10B5AC00120F01001400000000040040129400006F
:10B5BC0015000000000400401214010016000000E9
:10B5CC00000800401297000017000000000800401F
:10B5DC00121701001800000000080040129701002B
:10B5EC001900000000080040121702001A000000A9
:10B5FC0000000040129001001A0100000000004001
:10B60C00128F01001B00000000000040121002000D
:10B61C001B01000000000040120F02001D00000082
:10B62C00002C0140128E10001E000000002C014066
:10B63C00120E11001F000000002C0140128E110090
:10B64C00FFFFFFFF000000000000000016000000DC
:10B65C00005400400A040000180000000054004090
:10B66C000A0300001A000000005800400A00000005
:10B67C00FFFFFFFF000000000000000017000000AB
:10B68C00005400400A04000019000000005400405F
:10B69C000A0300001B000000005800400A000000D4
:10B6AC00FFFFFFFF00000000000000000000000092
:10B6BC0000240140030000000001000000280140AC
:10B6CC000300000001000000002401400380000082
:10B6DC00010100000028014003800000020000006E
:10B6EC000024014003000100020100000028014079
:10B6FC00030001000300000000240140038001004E
:10B70C000301000000280140038001000400000038
:10B71C000024014003000200040100000028014045
:10B72C000300020005000000002401400380020019
:10B73C000501000000280140038002000600000003
:10B74C000024014003000300060100000028014012
:10B75C0003000300070000000024014003800300E5
:10B76C0007010000002801400380030010000000C6
:10B77C0000240140030004001001000000280140D7
:10B78C0003000400110000000024014003800400A9
:10B79C00110100000028014003800400FFFFFFFF9F
:10B7AC000000000000000000140000001500000064
:10B7BC00160000001700000018000000190000001F
:10B7CC001A0000001B0000001C0000001D000000FF
:10B7DC0019000000180000001700000016000000FF
:10B7EC001500000014000000130000000F00000002
:10B7FC000C0000000B0000000A0000000900000013
:10B80C00080000001F0000001E0000001D000000CA
:10B81C001C0000002D0000002E0000002F00000076
:10B82C000000000001000000020000000300000006
:10B83C0004000000050000000600000007000000E6
:10B84C0010000000110000001A0000001B00000096
:10B85C00120000000D0000000E00000006000700A2
:10B86C00080000000000000000000000179800080D
:10B87C00C5980008FB9700088F9A0008D19700081C
:10B88C00499B0008E1970008D99C0008FB9C000824
:08B89C007450FF7F0100000061
:10B8A400D5A1000869180008091A0008092400082D
:0CB8B4002D73000841800008799B0008FB
:0CB8C00045180008192400080574000851
:10B8CC000A00000018000000010000001000000039
:10B8DC0000080140000C0140001001400014014020
:10B8EC0000180140FFFFFFFF003002400000000085
:10B8FC0000127A002814002009074300020104C03A
:10B90C0032090400000102020000052400100105A8
:10B91C00240100010424020205240600010705830A
:10B92C000308001009040100020A000000070501C9
:10B93C00024000000705820240000000090243009B
:10B94C00020100C0320904000001020200000524BB
:10B95C000010010524010001042402020524060044
:10B96C00010705830308001009040100020A000006
:10B97C00000705010240000007058202400000009C
:10B98C0009024300020100C0320904000001020256
:10B99C00000005240010010524010001042402020A
:10B9AC0005240600010705830308001009040100A3
:10B9BC00020A0000000705010200020007058202CE
:10B9CC00000200004D870008FD8600080D86000867
:10B9DC000000000055840008A98500087185000846
:10B9EC000000000000000000000000002985000895
:10B9FC00E1840008998400088D8400080A0600027E
:10BA0C00000000400100000000C20100000008001E
:10BA1C0069890008D5880008D9880008C58A0008FB
:10BA2C006D8A000801011A030000000000000000EC
:10BA3C0000000000000000000000000000000000FA
:10BA4C00040309041201000202020040830440575F
:10BA5C000002010203010000B5950008C195000821
:10BA6C003D96000855960008019600087996000846
:10BA7C0091960008CD9500080C0000000A0000000B
:10BA8C00C401002000000000E81200205013002028
:10BA9C00B8130020000000000000000000000000AF
:10BAAC00000000000000000000000000000000008A
:10BABC00000000000000000000000000000000007A
:10BACC00000000000000000000000000000000006A
:04000005080096F168
:00000001FF
